;DSI
0;0.11788779497146606
2;0.11788779497146606
4;0.13428348302841187
6;0.53507000207901
7;0.53507000207901
8;0.10818737745285034
9;0.10818737745285034
10;0.7432849407196045
11;0.7432849407196045
12;0.7609626054763794
13;0.691974401473999
14;0.09931045770645142
15;0.09931045770645142
16;0.11788779497146606
18;0.13428348302841187
19;0.13428348302841187
20;0.11788779497146606
21;0.11788779497146606
22;0.11788779497146606
23;0.11788779497146606
24;0.5004835724830627
25;0.6045894622802734
26;0.6090407967567444
27;0.6090407967567444
28;0.6496348977088928
29;0.6496348977088928
30;0.11788779497146606
31;0.11788779497146606
32;0.6535732746124268
33;0.7285363078117371
34;0.5838773250579834
35;0.765519917011261
36;0.11788779497146606
37;0.11788779497146606
38;0.11788779497146606
39;0.09931367635726929
40;0.11670124530792236
41;0.591632068157196
42;0.7127319574356079
43;0.11788779497146606
44;0.11788779497146606
45;0.7576684951782227
46;0.7576684951782227
47;0.05652916431427002
48;0.12041628360748291
49;0.1105203628540039
50;0.11788779497146606
51;0.11788779497146606
52;0.11788779497146606
53;0.11788779497146606
54;0.11788779497146606
55;0.11788779497146606
56;0.11788779497146606
57;0.11788779497146606
58;0.11788779497146606
59;0.7922474145889282
60;0.0948965847492218
61;0.7096198797225952
62;0.7473281621932983
63;0.13428664207458496
64;0.13428348302841187
65;0.11788779497146606
66;0.11788779497146606
67;0.11788779497146606
68;0.11788779497146606
69;0.7096198797225952
70;0.5788499116897583
71;0.11788779497146606
72;0.634703516960144
73;0.11788779497146606
74;0.11788779497146606
75;0.6194151043891907
76;0.7031313180923462
77;0.6813909411430359
78;0.11788779497146606
79;0.11788779497146606
80;0.13428348302841187
81;0.13428348302841187
82;0.11788779497146606
83;0.11788779497146606
84;0.6922079920768738
85;0.6922079920768738
86;0.5691611170768738
87;0.5691611170768738
88;0.6539074778556824
89;0.6539074778556824
90;0.7823413610458374
91;0.7855363488197327
92;0.7547934651374817
93;0.7523209452629089
94;0.5639266967773438
95;0.7587794661521912
96;0.11788779497146606
97;0.11788779497146606
98;0.11788779497146606
99;0.11788779497146606
100;0.11788779497146606
101;0.11788779497146606
102;0.4074333608150482
103;0.5310145020484924
104;0.5815879106521606
105;0.5815879106521606
106;0.6854810118675232
107;0.6854810118675232
108;0.11788779497146606
109;0.11788779497146606
110;0.13428348302841187
111;0.11788779497146606
112;0.13428348302841187
113;0.13428348302841187
115;0.7406490445137024
119;0.7504972815513611
125;0.664430558681488
126;0.13428348302841187
127;0.11788779497146606
128;0.11788779497146606
129;0.11788779497146606
130;0.11788779497146606
131;0.11788779497146606
132;0.6356377601623535
133;0.6356377601623535
134;0.1294776201248169
135;0.5136702060699463
136;0.633068859577179
137;0.633068859577179
138;0.8094450235366821
139;0.8178785443305969
140;0.7616102695465088
141;0.5519751906394958
142;0.5519751906394958
143;0.13428348302841187
144;0.11788779497146606
145;0.11788779497146606
146;0.11788779497146606
147;0.11788779497146606
148;0.11788779497146606
149;0.5946255922317505
150;0.5762531161308289
151;0.06653261184692383
152;0.7151782512664795
153;0.5762531161308289
154;0.06793421506881714
155;0.13428348302841187
156;0.13428348302841187
157;0.11788779497146606
158;0.11788779497146606
159;0.5519714951515198
160;0.5519714951515198
161;0.13428348302841187
162;0.13428348302841187
163;0.11788779497146606
164;0.13428348302841187
165;0.11788779497146606
166;0.11788779497146606
167;0.10791134834289551
168;0.10791134834289551
169;0.3960021138191223
170;0.3960021138191223
171;0.6996386647224426
172;0.6996386647224426
173;0.6445583701133728
174;0.09798061847686768
175;0.13428348302841187
176;0.13428348302841187
177;0.5207293629646301
178;0.5207293629646301
180;0.11788779497146606
182;0.11788779497146606
184;0.13428348302841187
186;0.08322608470916748
187;0.5255857110023499
188;0.7048965096473694
189;0.6603960394859314
190;0.5532155632972717
191;0.742069661617279
192;0.8006667494773865
193;0.791538417339325
194;0.10126769542694092
195;0.109610915184021
197;0.5792530179023743
198;0.11788779497146606
199;0.6309624314308167
201;0.5966016054153442
202;0.7089042663574219
203;0.6543897986412048
204;0.7751505970954895
205;0.7625870704650879
206;0.7890504598617554
207;0.7890504598617554
208;0.7334650158882141
210;0.7915850281715393
211;0.12284445762634277
212;0.0874825119972229
213;0.42143240571022034
214;0.5571731925010681
215;0.41013893485069275
216;0.6933480501174927
217;0.11788779497146606
218;0.6863778233528137
219;0.11788779497146606
220;0.674567699432373
221;0.7396612167358398
222;0.11788779497146606
223;0.11788779497146606
224;0.11788779497146606
225;0.13428348302841187
226;0.11788779497146606
227;0.13428348302841187
228;0.11788779497146606
229;0.7825984954833984
230;0.5200342535972595
231;0.11788779497146606
232;0.11788779497146606
233;0.11788779497146606
234;0.13428348302841187
235;0.13428348302841187
236;0.7038721442222595
237;0.6095629334449768
238;0.6095629334449768
239;0.08665454387664795
240;0.6708707213401794
241;0.6054953932762146
242;0.6054953932762146
243;0.5752108097076416
244;0.5752108097076416
245;0.640674889087677
246;0.11788779497146606
247;0.7218471169471741
248;0.13428348302841187
249;0.13428348302841187
250;0.11788779497146606
251;0.11788779497146606
252;0.7637196183204651
253;0.720056414604187
254;0.7223328948020935
255;0.7477100491523743
256;0.7923381328582764
257;0.7923381328582764
258;0.7515817880630493
259;0.7674479484558105
260;0.7258046269416809
261;0.7365877032279968
262;0.7967017292976379
263;0.7756630182266235
264;0.11788779497146606
265;0.11788779497146606
266;0.11788779497146606
267;0.11788779497146606
268;0.11788779497146606
269;0.11788779497146606
270;0.7923381328582764
271;0.7923381328582764
272;0.6751932501792908
273;0.7381195425987244
274;0.5723143815994263
275;0.7402378916740417
276;0.7360161542892456
277;0.7823119759559631
278;0.7506356239318848
279;0.7506356239318848
280;0.7865044474601746
281;0.7836794853210449
282;0.11788779497146606
283;0.11788779497146606
284;0.13428348302841187
285;0.13428348302841187
286;0.11788779497146606
287;0.11788779497146606
288;0.10389173030853271
289;0.10389173030853271
290;0.6677340269088745
291;0.6749997138977051
292;0.6199816465377808
293;0.5981342792510986
294;0.7509142756462097
295;0.7509142756462097
296;0.13428348302841187
297;0.13428348302841187
298;0.6936207413673401
299;0.6406641006469727
302;0.11788779497146606
304;0.11788779497146606
305;0.600775957107544
306;0.600775957107544
307;0.6858911514282227
308;0.6858911514282227
309;0.6613988876342773
310;0.6613988876342773
311;0.6199816465377808
312;0.5854522585868835
314;0.11788779497146606
315;0.5506152510643005
316;0.6196081638336182
317;0.11788779497146606
318;0.11788779497146606
319;0.11788779497146606
320;0.11788779497146606
321;0.11788779497146606
322;0.11788779497146606
323;0.10285574197769165
324;0.7487272620201111
325;0.546174943447113
326;0.6562157273292542
327;0.7507780194282532
328;0.7577459812164307
329;0.11288028955459595
330;0.12897610664367676
331;0.5396786332130432
332;0.7650551795959473
333;0.7916359305381775
334;0.8149538040161133
335;0.11788779497146606
336;0.11788779497146606
337;0.13428348302841187
338;0.13013184070587158
339;0.11788779497146606
340;0.11788779497146606
341;0.7194287776947021
342;0.7846352458000183
343;0.6888309121131897
344;0.5428186655044556
345;0.5428186655044556
346;0.11392319202423096
347;0.11392319202423096
348;0.5432248711585999
349;0.5432248711585999
350;0.09510409832000732
351;0.5640461444854736
352;0.11788779497146606
353;0.11788779497146606
354;0.11788779497146606
355;0.11788779497146606
356;0.11788779497146606
357;0.11788779497146606
358;0.43393656611442566
359;0.7879762649536133
360;0.09089803695678711
361;0.7871407866477966
362;0.05453288555145264
363;0.7562207579612732
364;0.11788779497146606
365;0.11788779497146606
366;0.7458237409591675
367;0.13428348302841187
368;0.7693260312080383
369;0.13428348302841187
370;0.13428348302841187
371;0.11788779497146606
372;0.11788779497146606
373;0.13428348302841187
374;0.13428348302841187
375;0.5772264003753662
376;0.5772264003753662
377;0.5761235952377319
378;0.5761235952377319
379;0.10193324089050293
380;0.10193324089050293
381;0.6949197053909302
382;0.47294676303863525
383;0.11788779497146606
384;0.11788779497146606
385;0.11788779497146606
386;0.11788779497146606
387;0.13428348302841187
388;0.13428348302841187
389;0.11788779497146606
390;0.11788779497146606
391;0.5761235952377319
392;0.5761235952377319
393;0.5719239115715027
394;0.7079853415489197
395;0.5703603625297546
396;0.5703603625297546
397;0.6923232078552246
398;0.43404003977775574
399;0.43404003977775574
400;0.5584823489189148
401;0.5584823489189148
402;0.11788779497146606
403;0.11788779497146606
404;0.11788779497146606
405;0.11788779497146606
406;0.11788779497146606
407;0.11788779497146606
408;0.49412015080451965
409;0.7545662522315979
410;0.07853078842163086
411;0.6973008513450623
412;0.1267983317375183
413;0.729128897190094
414;0.13428348302841187
415;0.11788779497146606
416;0.11788779497146606
417;0.7256774306297302
418;0.11788779497146606
419;0.11788779497146606
420;0.5695239901542664
421;0.7524113059043884
422;0.11788779497146606
423;0.11788779497146606
424;0.11788779497146606
425;0.13428348302841187
426;0.11788779497146606
427;0.11788779497146606
428;0.5869181752204895
429;0.12126845121383667
430;0.6952019929885864
431;0.6927168369293213
432;0.7019028067588806
433;0.4690854549407959
434;0.13428348302841187
435;0.11788779497146606
436;0.11788779497146606
437;0.13428348302841187
438;0.11788779497146606
439;0.11788779497146606
440;0.11788779497146606
441;0.11788779497146606
442;0.11788779497146606
443;0.11788779497146606
444;0.11788779497146606
445;0.6754047870635986
446;0.6754047870635986
447;0.0902109146118164
448;0.534458339214325
449;0.7012208104133606
450;0.7012208104133606
451;0.13428348302841187
452;0.13428348302841187
453;0.11788779497146606
454;0.11788779497146606
455;0.13428348302841187
456;0.13428348302841187
457;0.7433587312698364
458;0.7364642024040222
464;0.7770247459411621
465;0.11788779497146606
466;0.11788779497146606
467;0.11788779497146606
468;0.11788779497146606
469;0.13428348302841187
470;0.13428348302841187
471;0.10911494493484497
472;0.10911494493484497
473;0.10874408483505249
474;0.10874408483505249
475;0.7655482292175293
476;0.756050705909729
477;0.12284445762634277
478;0.12284445762634277
479;0.7386071681976318
480;0.7386071681976318
481;0.6599087119102478
482;0.6599087119102478
483;0.13428348302841187
484;0.13428348302841187
485;0.11788779497146606
486;0.11788779497146606
487;0.11788779497146606
488;0.11788779497146606
489;0.460954874753952
490;0.460954874753952
491;0.6372371912002563
492;0.7475134134292603
493;0.6509010195732117
494;0.7616199851036072
495;0.7105199098587036
496;0.7105199098587036
497;0.5612103939056396
498;0.746685266494751
499;0.11788779497146606
501;0.11788779497146606
502;0.7463825941085815
503;0.11788779497146606
504;0.6935360431671143
505;0.6707214117050171
506;0.7903233170509338
507;0.8146346807479858
508;0.7323831915855408
509;0.7101050019264221
510;0.6772708296775818
511;0.8022963404655457
512;0.7834060788154602
513;0.8008238077163696
514;0.7819831967353821
515;0.11788779497146606
516;0.7620403170585632
517;0.11788779497146606
518;0.11788779497146606
519;0.11788779497146606
520;0.11788779497146606
521;0.11788779497146606
522;0.11788779497146606
523;0.07214945554733276
524;0.07214945554733276
525;0.638723611831665
526;0.638723611831665
527;0.4980623424053192
528;0.4980623424053192
529;0.7711537480354309
530;0.7562645673751831
531;0.725304901599884
532;0.725304901599884
533;0.08361822366714478
534;0.08361822366714478
535;0.13428348302841187
536;0.13428348302841187
537;0.11788779497146606
538;0.11788779497146606
539;0.13428348302841187
540;0.13428348302841187
541;0.6615405678749084
542;0.6907386779785156
543;0.6022617220878601
544;0.6022617220878601
545;0.5332580208778381
546;0.12897610664367676
547;0.6974967122077942
548;0.7430815696716309
549;0.7052664160728455
550;0.6343675255775452
551;0.7294582724571228
552;0.7207976579666138
560;0.12135815620422363
561;0.5963851809501648
562;0.11380642652511597
563;0.6853424310684204
564;0.7742559909820557
565;0.7265229225158691
566;0.10638153553009033
568;0.39992189407348633
569;0.11788779497146606
570;0.11788779497146606
571;0.11788779497146606
572;0.11788779497146606
573;0.11788779497146606
574;0.11788779497146606
575;0.11788779497146606
576;0.530574381351471
577;0.7450034618377686
578;0.11788779497146606
579;0.11788779497146606
580;0.12081897258758545
581;0.11788779497146606
582;0.11788779497146606
583;0.7305956482887268
584;0.7511956691741943
585;0.11788779497146606
586;0.7839433550834656
587;0.7591595649719238
588;0.11788779497146606
589;0.11788779497146606
590;0.11788779497146606
591;0.13428348302841187
592;0.13428348302841187
593;0.11788779497146606
594;0.11788779497146606
595;0.10905784368515015
596;0.10905784368515015
597;0.6525585651397705
598;0.6505064964294434
599;0.13428348302841187
600;0.13428348302841187
601;0.13428348302841187
602;0.13428348302841187
603;0.7813109159469604
604;0.7792719006538391
605;0.7448388934135437
606;0.7391307353973389
607;0.6945716738700867
608;0.08808696269989014
609;0.5633168816566467
610;0.7142626047134399
611;0.11788779497146606
612;0.11788779497146606
613;0.11788779497146606
614;0.11788779497146606
615;0.11788779497146606
616;0.11788779497146606
617;0.11788779497146606
618;0.6070519089698792
619;0.11788779497146606
620;0.11788779497146606
621;0.11788779497146606
622;0.11788779497146606
624;0.09452742338180542
625;0.46864423155784607
626;0.10126769542694092
627;0.10126769542694092
628;0.6360117793083191
629;0.6360117793083191
630;0.06952053308486938
631;0.45580124855041504
632;0.7901952862739563
633;0.7901952862739563
634;0.5374537706375122
635;0.7889813184738159
636;0.11788779497146606
637;0.11788779497146606
638;0.7521533966064453
639;0.7912631034851074
640;0.11788779497146606
641;0.11788779497146606
642;0.11788779497146606
643;0.11788779497146606
644;0.11788779497146606
645;0.11788779497146606
646;0.6731844544410706
647;0.6731844544410706
648;0.7416050434112549
649;0.6724594831466675
650;0.7460095286369324
651;0.7460095286369324
652;0.6700211763381958
653;0.6075515747070312
654;0.4385863244533539
655;0.4385863244533539
656;0.4930397570133209
657;0.4930397570133209
658;0.1155443787574768
659;0.5814502835273743
660;0.09931045770645142
661;0.7360241413116455
662;0.7366893291473389
663;0.6119933724403381
664;0.7956938147544861
665;0.7612592577934265
666;0.7810222506523132
667;0.05750757455825806
668;0.6931208372116089
669;0.11788779497146606
670;0.6358721256256104
671;0.13428348302841187
672;0.11788779497146606
673;0.6443154215812683
674;0.11788779497146606
675;0.6792100667953491
676;0.11788779497146606
677;0.7375015616416931
678;0.6803250312805176
679;0.5410625338554382
680;0.5410625338554382
684;0.783726692199707
687;0.11788779497146606
689;0.11788779497146606
691;0.11788779497146606
692;0.14033609628677368
693;0.14033609628677368
694;0.6927968859672546
695;0.6927968859672546
696;0.750584065914154
697;0.738704264163971
698;0.6931208372116089
699;0.5854288935661316
701;0.11788779497146606
703;0.13428348302841187
704;0.11788779497146606
705;0.11788779497146606
706;0.13428348302841187
707;0.13428348302841187
708;0.11788779497146606
709;0.11788779497146606
710;0.4914109408855438
711;0.4914109408855438
712;0.6931208372116089
713;0.6931208372116089
714;0.6226131319999695
715;0.6226131319999695
716;0.7869926691055298
717;0.7457752227783203
718;0.7714309096336365
719;0.7427292466163635
720;0.7122393846511841
721;0.538006067276001
722;0.538006067276001
723;0.6768986582756042
724;0.11788779497146606
725;0.11788779497146606
726;0.538006067276001
727;0.11788779497146606
728;0.7214061617851257
729;0.29883721470832825
731;0.6344403624534607
732;0.13428348302841187
733;0.13428348302841187
734;0.11788779497146606
735;0.11788779497146606
736;0.6618583798408508
737;0.6618583798408508
738;0.6710255742073059
739;0.7374775409698486
740;0.7474158406257629
741;0.6382482647895813
742;0.0771324634552002
743;0.7584232091903687
744;0.11788779497146606
745;0.11788779497146606
746;0.11788779497146606
747;0.11788779497146606
748;0.13428348302841187
749;0.13428348302841187
750;0.5948557257652283
751;0.6285995244979858
752;0.11116153001785278
753;0.11116153001785278
754;0.683773934841156
755;0.683773934841156
756;0.11788779497146606
757;0.11788779497146606
758;0.806194007396698
759;0.7416680455207825
760;0.11788779497146606
761;0.11788779497146606
762;0.11788779497146606
763;0.11877083778381348
764;0.63038569688797
765;0.6810874342918396
766;0.5250402092933655
767;0.683773934841156
768;0.11877083778381348
769;0.6936724185943604
770;0.7330711483955383
771;0.11788779497146606
773;0.5655732750892639
774;0.625828206539154
775;0.11788779497146606
776;0.11788779497146606
777;0.11788779497146606
778;0.11788779497146606
779;0.11788779497146606
780;0.7527167797088623
781;0.11788779497146606
782;0.11788779497146606
783;0.11788779497146606
784;0.11788779497146606
785;0.11788779497146606
786;0.11788779497146606
787;0.11788779497146606
788;0.7033330798149109
789;0.7033330798149109
790;0.7697007656097412
791;0.7697007656097412
792;0.599486231803894
793;0.6546671390533447
794;0.6943162083625793
795;0.7616162300109863
796;0.5403730869293213
797;0.5403730869293213
798;0.10820257663726807
799;0.10820257663726807
800;0.11788779497146606
801;0.11788779497146606
803;0.11788779497146606
804;0.11788779497146606
805;0.11788779497146606
806;0.11788779497146606
807;0.637800931930542
808;0.6706736087799072
809;0.6361898183822632
810;0.5678120255470276
811;0.7469892501831055
812;0.7238179445266724
813;0.11788779497146606
814;0.11788779497146606
815;0.8063274621963501
816;0.7940758466720581
817;0.8049529194831848
818;0.7582820057868958
819;0.721718430519104
820;0.7341129183769226
821;0.532046377658844
822;0.13428348302841187
823;0.11788779497146606
824;0.6486777067184448
825;0.8018102049827576
826;0.11788779497146606
827;0.11788779497146606
828;0.11788779497146606
829;0.11788779497146606
830;0.11788779497146606
831;0.11788779497146606
832;0.11788779497146606
833;0.11788779497146606
834;0.11788779497146606
835;0.11788779497146606
836;0.11788779497146606
837;0.11788779497146606
838;0.11788779497146606
839;0.11406254768371582
840;0.11406254768371582
841;0.11008208990097046
842;0.11008208990097046
843;0.6411083936691284
844;0.6411083936691284
845;0.11788779497146606
846;0.6347674131393433
847;0.6347674131393433
848;0.6918567419052124
849;0.09632480144500732
851;0.13428348302841187
853;0.13428348302841187
855;0.11788779497146606
857;0.13428348302841187
858;0.5073937773704529
859;0.5073937773704529
861;0.09570103883743286
862;0.53870689868927
863;0.53870689868927
865;0.5867344737052917
866;0.10510462522506714
867;0.10510462522506714
868;0.05757063627243042
869;0.10882675647735596
870;0.6185656189918518
871;0.11788779497146606
872;0.6811889410018921
873;0.13428348302841187
874;0.13428348302841187
875;0.6892596483230591
876;0.7346478700637817
877;0.7227595448493958
878;0.11788779497146606
879;0.11788779497146606
880;0.11788779497146606
881;0.11788779497146606
882;0.11788779497146606
883;0.11788779497146606
884;0.7527720928192139
886;0.11788779497146606
887;0.11788779497146606
888;0.11788779497146606
889;0.11788779497146606
890;0.11788779497146606
891;0.08662497997283936
892;0.7831707000732422
893;0.09160763025283813
894;0.6989431977272034
895;0.7688931822776794
896;0.8201060891151428
898;0.7609260678291321
899;0.11788779497146606
900;0.73184734582901
901;0.722891092300415
902;0.11788779497146606
903;0.11788779497146606
904;0.11788779497146606
905;0.11788779497146606
906;0.13428348302841187
907;0.13428348302841187
908;0.7296543717384338
909;0.7296543717384338
910;0.7610809206962585
911;0.7610809206962585
912;0.7455795407295227
913;0.5527665615081787
914;0.6860093474388123
915;0.796747088432312
916;0.7594471573829651
917;0.823341965675354
918;0.6618475914001465
919;0.11603468656539917
920;0.6896659731864929
921;0.11670124530792236
922;0.6896659731864929
923;0.11788779497146606
924;0.11788779497146606
925;0.13428348302841187
926;0.11788779497146606
927;0.11788779497146606
928;0.11788779497146606
929;0.13428348302841187
930;0.7337308526039124
931;0.4221023619174957
934;0.13428348302841187
935;0.13428348302841187
936;0.11788779497146606
937;0.11788779497146606
938;0.13428348302841187
939;0.13428348302841187
940;0.12627625465393066
941;0.12627625465393066
942;0.732094407081604
943;0.732094407081604
944;0.6861680746078491
945;0.6861680746078491
946;0.7308817505836487
947;0.7785098552703857
948;0.7082409858703613
949;0.795100212097168
950;0.65352463722229
951;0.7774965763092041
952;0.11788779497146606
954;0.6677566170692444
955;0.6645936965942383
956;0.11788779497146606
958;0.7489009499549866
959;0.7489009499549866
960;0.790855884552002
961;0.7424667477607727
962;0.7483471035957336
963;0.7991480827331543
964;0.49541354179382324
965;0.6952090859413147
966;0.8020176291465759
967;0.8088813424110413
968;0.11788779497146606
969;0.11788779497146606
970;0.11788779497146606
971;0.13428348302841187
972;0.13428348302841187
974;0.08203524351119995
975;0.06473088264465332
976;0.06473088264465332
977;0.7450416088104248
978;0.7803187370300293
979;0.7308817505836487
980;0.7308817505836487
981;0.780772864818573
982;0.7514609694480896
983;0.6610777378082275
984;0.6408116817474365
985;0.5259923934936523
986;0.11788779497146606
987;0.11788779497146606
988;0.11788779497146606
989;0.11788779497146606
990;0.5615101456642151
991;0.6782873272895813
992;0.11788779497146606
993;0.11788779497146606
994;0.11788779497146606
995;0.11788779497146606
996;0.11788779497146606
997;0.11788779497146606
998;0.5252133011817932
999;0.773777186870575
1000;0.11788779497146606
1001;0.11788779497146606
1002;0.797503650188446
1003;0.8044623136520386
1004;0.5199337005615234
1005;0.5199337005615234
1006;0.13428348302841187
1007;0.13428348302841187
1008;0.6734085083007812
1009;0.7325190901756287
1010;0.6945443749427795
1011;0.7969933152198792
1012;0.6528664231300354
1013;0.7360210418701172
1014;0.11788779497146606
1015;0.11788779497146606
1016;0.11788779497146606
1017;0.13428348302841187
1018;0.11788779497146606
1019;0.11788779497146606
1020;0.7277441024780273
1021;0.7277441024780273
1022;0.5252133011817932
1023;0.11310690641403198
1024;0.545459508895874
1025;0.6581502556800842
1026;0.693362832069397
1027;0.7836081385612488
1028;0.7215712666511536
1029;0.6952305436134338
1030;0.056655287742614746
1031;0.5947732329368591
1032;0.4589186906814575
1033;0.7283310890197754
1034;0.11788779497146606
1035;0.11788779497146606
1036;0.6711162328720093
1037;0.11788779497146606
1038;0.11788779497146606
1039;0.11788779497146606
1040;0.11788779497146606
1041;0.11788779497146606
1042;0.6166626811027527
1043;0.11788779497146606
1044;0.11788779497146606
1045;0.7038413286209106
1046;0.07442790269851685
1047;0.6171366572380066
1048;0.11788779497146606
1049;0.11788779497146606
1050;0.11788779497146606
1051;0.11788779497146606
1052;0.6004754304885864
1053;0.807445764541626
1054;0.5634731650352478
1055;0.09207159280776978
1056;0.6082441210746765
1057;0.6082441210746765
1058;0.7026322484016418
1059;0.7026322484016418
1060;0.8001561760902405
1061;0.7549136281013489
1062;0.7585745453834534
1063;0.11788779497146606
1064;0.11788779497146606
1065;0.11788779497146606
1066;0.11788779497146606
1067;0.11788779497146606
1068;0.11788779497146606
1069;0.6294029355049133
1070;0.7307612299919128
1071;0.6513544321060181
1072;0.7251619696617126
1073;0.7315160632133484
1074;0.7447535991668701
1075;0.13428348302841187
1076;0.13428348302841187
1077;0.6722456216812134
1078;0.6826938986778259
1079;0.7496752142906189
1080;0.7503758668899536
1081;0.7103441953659058
1082;0.7399808764457703
1083;0.4815281331539154
1084;0.6637338995933533
1085;0.6826467514038086
1086;0.11788779497146606
1087;0.7491092681884766
1088;0.7400429844856262
1089;0.7399681806564331
1090;0.11788779497146606
1091;0.11788779497146606
1092;0.13428348302841187
1093;0.11788779497146606
1095;0.13428348302841187
1097;0.11788779497146606
1099;0.11788779497146606
1100;0.5881263017654419
1101;0.5881263017654419
1103;0.09159564971923828
1104;0.6965205669403076
1105;0.6364359259605408
1107;0.13428348302841187
1109;0.6333914399147034
1110;0.7432127594947815
1111;0.7281099557876587
1112;0.8151963353157043
1113;0.6126880049705505
1114;0.6603604555130005
1115;0.7607576847076416
1116;0.11788779497146606
1117;0.11788779497146606
1118;0.07656151056289673
1120;0.11788779497146606
1121;0.11788779497146606
1122;0.11788779497146606
1123;0.11788779497146606
1124;0.11788779497146606
1125;0.6914382576942444
1126;0.11788779497146606
1127;0.11788779497146606
1129;0.11788779497146606
1131;0.11788779497146606
1133;0.11788779497146606
1134;0.101104736328125
1135;0.6089317202568054
1136;0.681863009929657
1137;0.681863009929657
1139;0.08192390203475952
1142;0.13428348302841187
1143;0.10285574197769165
1144;0.10285574197769165
1145;0.11788779497146606
1146;0.11788779497146606
1147;0.11788779497146606
1148;0.11788779497146606
1149;0.11788779497146606
1150;0.08356374502182007
1151;0.7026360630989075
1152;0.7026360630989075
1153;0.08174115419387817
1154;0.08174115419387817
1155;0.09782826900482178
1156;0.09782826900482178
1157;0.673668384552002
1158;0.686721920967102
1159;0.11233115196228027
1160;0.6971641778945923
1161;0.11788779497146606
1162;0.7289966940879822
1163;0.646083414554596
1164;0.11788779497146606
1165;0.11788779497146606
1166;0.11788779497146606
1167;0.11788779497146606
1168;0.11788779497146606
1169;0.11788779497146606
1170;0.11788779497146606
1171;0.6489714980125427
1172;0.11788779497146606
1173;0.7450558543205261
1174;0.13428348302841187
1175;0.707794725894928
1176;0.13428348302841187
1177;0.6277627944946289
1178;0.5980638861656189
1179;0.7831409573554993
1180;0.785869836807251
1181;0.7507891058921814
1182;0.5634508728981018
1183;0.7283191680908203
1184;0.7369277477264404
1185;0.7420470118522644
1186;0.7420470118522644
1187;0.5165616869926453
1188;0.5293499827384949
1189;0.13428348302841187
1191;0.11788779497146606
1193;0.11788779497146606
1195;0.07577264308929443
1196;0.5341651439666748
1197;0.768230140209198
1198;0.09160763025283813
1199;0.7375956177711487
1200;0.7356052398681641
1201;0.11788779497146606
1203;0.7486582398414612
1204;0.7536108493804932
1205;0.7182791829109192
1206;0.5143120288848877
1207;0.7364915609359741
1208;0.05257469415664673
1209;0.5711463689804077
1210;0.10263693332672119
1211;0.7804933786392212
1212;0.5711463689804077
1213;0.09602236747741699
1214;0.06563186645507812
1215;0.6007083058357239
1216;0.7823705077171326
1217;0.11788779497146606
1218;0.11788779497146606
1219;0.11788779497146606
1220;0.11788779497146606
1221;0.13428348302841187
1222;0.11788779497146606
1223;0.13428348302841187
1224;0.11788779497146606
1225;0.11788779497146606
1226;0.11788779497146606
1227;0.11788779497146606
1228;0.11788779497146606
1229;0.11788779497146606
1230;0.793323278427124
1231;0.8041802048683167
1232;0.6932268738746643
1233;0.6682217717170715
1234;0.7172237634658813
1235;0.7172237634658813
1236;0.7477273344993591
1237;0.6433568596839905
1238;0.7618625164031982
1239;0.755231499671936
1240;0.7653961181640625
1241;0.49281880259513855
1242;0.13428348302841187
1243;0.540015697479248
1244;0.11788779497146606
1245;0.5531490445137024
1246;0.11788779497146606
1247;0.6698427200317383
1248;0.7543762922286987
1249;0.4151768386363983
1250;0.6627179980278015
1251;0.6627179980278015
1252;0.728943943977356
1253;0.728943943977356
1254;0.7457706332206726
1255;0.4846334755420685
1256;0.11788779497146606
1257;0.7607899904251099
1258;0.11788779497146606
1259;0.11788779497146606
1260;0.11788779497146606
1261;0.13428348302841187
1262;0.13428348302841187
1263;0.11788779497146606
1264;0.11788779497146606
1265;0.08800554275512695
1266;0.08800554275512695
1267;0.6583383679389954
1268;0.11410456895828247
1269;0.11410456895828247
1270;0.5720078349113464
1271;0.5720078349113464
1272;0.7531371116638184
1273;0.6971206068992615
1274;0.6963639259338379
1275;0.6963639259338379
1276;0.11788779497146606
1277;0.11788779497146606
1278;0.11788779497146606
1279;0.11788779497146606
1280;0.07446706295013428
1282;0.11392319202423096
1283;0.6486597061157227
1284;0.6486597061157227
1285;0.6650251150131226
1286;0.7411856651306152
1287;0.7122178673744202
1288;0.13428348302841187
1289;0.13428348302841187
1290;0.11788779497146606
1291;0.11788779497146606
1292;0.11788779497146606
1293;0.11788779497146606
1294;0.7343316078186035
1295;0.7343316078186035
1296;0.6042619347572327
1297;0.6933600902557373
1298;0.651768684387207
1299;0.6963639259338379
1300;0.6963639259338379
1301;0.5346020460128784
1302;0.5346020460128784
1303;0.6694039702415466
1304;0.7299443483352661
1305;0.07339483499526978
1306;0.5516824126243591
1307;0.11788779497146606
1308;0.11788779497146606
1309;0.11788779497146606
1310;0.6978737711906433
1311;0.08800554275512695
1312;0.11788779497146606
1313;0.11788779497146606
1314;0.11788779497146606
1315;0.11788779497146606
1316;0.11788779497146606
1317;0.11788779497146606
1318;0.11788779497146606
1319;0.11788779497146606
1320;0.5823907256126404
1321;0.11788779497146606
1322;0.6255728602409363
1323;0.5379733443260193
1324;0.5379733443260193
1325;0.6297957301139832
1326;0.712710440158844
1327;0.09084993600845337
1328;0.09084993600845337
1329;0.6538997292518616
1330;0.755512535572052
1331;0.11788779497146606
1332;0.09226709604263306
1333;0.7580668330192566
1334;0.7640501856803894
1335;0.06655991077423096
1336;0.12003421783447266
1337;0.06655991077423096
1338;0.12792134284973145
1339;0.06655991077423096
1340;0.11788779497146606
1341;0.4528904855251312
1342;0.11788779497146606
1343;0.11788779497146606
1344;0.11788779497146606
1345;0.534230649471283
1346;0.11788779497146606
1347;0.7468855977058411
1348;0.7116544246673584
1350;0.13428348302841187
1352;0.11788779497146606
1354;0.13428348302841187
1355;0.5743270516395569
1356;0.5743270516395569
1357;0.7133004069328308
1358;0.7133004069328308
1359;0.47209182381629944
1360;0.47209182381629944
1362;0.7416331171989441
1364;0.5392466187477112
1366;0.4537424147129059
1367;0.7118237018585205
1368;0.11788779497146606
1369;0.7282819747924805
1370;0.11788779497146606
1371;0.6438618302345276
1372;0.11788779497146606
1373;0.6763794422149658
1374;0.7471122741699219
1375;0.6342381834983826
1376;0.6894393563270569
1377;0.0865902304649353
1378;0.7452061772346497
1379;0.6703481078147888
1380;0.7690472602844238
1382;0.6705256700515747
1383;0.763691782951355
1384;0.11788779497146606
1385;0.11788779497146606
1386;0.13428348302841187
1387;0.13428348302841187
1388;0.13428348302841187
1389;0.13428348302841187
1390;0.09268474578857422
1391;0.6987966895103455
1392;0.7133004069328308
1393;0.7133004069328308
1394;0.751619279384613
1395;0.5519427061080933
1396;0.6975650787353516
1397;0.7994623184204102
1398;0.6745204925537109
1399;0.675825834274292
1400;0.13428348302841187
1401;0.13428348302841187
1402;0.06767416000366211
1403;0.1224406361579895
1404;0.7461341619491577
1405;0.5248636603355408
1406;0.13428348302841187
1407;0.11788779497146606
1408;0.11788779497146606
1409;0.11788779497146606
1410;0.11788779497146606
1411;0.11788779497146606
1412;0.11788779497146606
1413;0.11788779497146606
1414;0.13428348302841187
1415;0.13428348302841187
1416;0.11788779497146606
1417;0.11788779497146606
1418;0.13428348302841187
1419;0.13428348302841187
1420;0.09144783020019531
1421;0.09144783020019531
1422;0.5504318475723267
1423;0.5504318475723267
1424;0.39992189407348633
1425;0.39992189407348633
1426;0.6099220514297485
1427;0.11774325370788574
1428;0.7032997608184814
1429;0.5398740768432617
1430;0.7296318411827087
1431;0.11788779497146606
1432;0.44006267189979553
1433;0.11788779497146606
1434;0.5375133752822876
1435;0.11788779497146606
1436;0.09867286682128906
1437;0.6980663537979126
1438;0.6140763759613037
1439;0.7124335169792175
1440;0.5986244678497314
1441;0.7471628785133362
1442;0.6731152534484863
1443;0.13428348302841187
1444;0.6735461354255676
1445;0.13428348302841187
1447;0.11788779497146606
1448;0.5469418168067932
1449;0.4528904855251312
1450;0.4476429522037506
1451;0.11788779497146606
1452;0.11788779497146606
1453;0.07475018501281738
1454;0.11788779497146606
1455;0.11788779497146606
1456;0.11788779497146606
1457;0.11788779497146606
1458;0.821689248085022
1459;0.11788779497146606
1460;0.11788779497146606
1461;0.13428348302841187
1462;0.13428348302841187
1463;0.11788779497146606
1464;0.11788779497146606
1465;0.6304795145988464
1466;0.6304795145988464
1467;0.6927497982978821
1468;0.5837641358375549
1469;0.11611413955688477
1470;0.11611413955688477
1471;0.11788779497146606
1472;0.11788779497146606
1473;0.11788779497146606
1474;0.11788779497146606
1475;0.11788779497146606
1476;0.11788779497146606
1477;0.10069531202316284
1478;0.13428348302841187
1479;0.6804800033569336
1480;0.09154969453811646
1481;0.14823204278945923
1482;0.11788779497146606
1483;0.11788779497146606
1484;0.11788779497146606
1485;0.11788779497146606
1486;0.11788779497146606
1487;0.11788779497146606
1488;0.6025452017784119
1489;0.6654952168464661
1490;0.11788779497146606
1491;0.11788779497146606
1492;0.09186410903930664
1493;0.11788779497146606
1494;0.11788779497146606
1495;0.11788779497146606
1496;0.11788779497146606
1497;0.11788779497146606
1498;0.11788779497146606
1499;0.13428348302841187
1500;0.6426722407341003
1501;0.6426722407341003
1502;0.10960865020751953
1503;0.10960865020751953
1504;0.7644354701042175
1505;0.7644354701042175
1506;0.5248178839683533
1507;0.5248178839683533
1508;0.1190372109413147
1509;0.12814605236053467
1510;0.5643457174301147
1511;0.5643457174301147
1512;0.0788881778717041
1513;0.611885130405426
1514;0.11420023441314697
1515;0.6752893328666687
1516;0.6575000286102295
1517;0.13428348302841187
1518;0.11788779497146606
1519;0.11788779497146606
1520;0.11788779497146606
1521;0.11788779497146606
1523;0.11788779497146606
1524;0.7624157667160034
1525;0.11788779497146606
1527;0.5155730843544006
1529;0.13428664207458496
1530;0.13428664207458496
1531;0.7468113303184509
1532;0.6523287892341614
1533;0.637688398361206
1534;0.7322813272476196
1535;0.47097453474998474
1536;0.47097453474998474
1537;0.5876257419586182
1538;0.3411382734775543
1539;0.7285374999046326
1540;0.0883631706237793
1541;0.0883631706237793
1542;0.10044366121292114
1543;0.7831491231918335
1544;0.6502116322517395
1545;0.6385239362716675
1546;0.0883631706237793
1547;0.6577776670455933
1548;0.11788779497146606
1549;0.11788779497146606
1550;0.11788779497146606
1551;0.11788779497146606
1552;0.11788779497146606
1553;0.11788779497146606
1554;0.10517013072967529
1555;0.13428348302841187
1556;0.11788779497146606
1557;0.11788779497146606
1558;0.5823209285736084
1559;0.5823209285736084
1560;0.7507511973381042
1561;0.11788779497146606
1562;0.11788779497146606
1563;0.11788779497146606
1564;0.11788779497146606
1565;0.11788779497146606
1566;0.5395221710205078
1567;0.5714844465255737
1568;0.4538642466068268
1569;0.647063672542572
1570;0.07127553224563599
1571;0.7028034329414368
1572;0.11788779497146606
1573;0.11788779497146606
1574;0.11788779497146606
1575;0.11007314920425415
1576;0.582556426525116
1577;0.49181807041168213
1578;0.11718696355819702
1579;0.6462617516517639
1580;0.09252840280532837
1581;0.6369929909706116
1582;0.11788779497146606
1583;0.11788779497146606
1584;0.11788779497146606
1585;0.7892324328422546
1586;0.13428348302841187
1587;0.11788779497146606
1588;0.11788779497146606
1589;0.46315550804138184
1590;0.4656716287136078
1591;0.7098007798194885
1592;0.7098007798194885
1593;0.14208930730819702
1594;0.5719624161720276
1595;0.11788779497146606
1596;0.11788779497146606
1597;0.6468795537948608
1598;0.11788779497146606
1599;0.11788779497146606
1600;0.13428348302841187
1601;0.13428348302841187
1602;0.13428348302841187
1603;0.7917301058769226
1604;0.7775336503982544
1605;0.745404064655304
1606;0.6609933972358704
1607;0.735232949256897
1608;0.6240873336791992
1609;0.7862859964370728
1610;0.6391280293464661
1611;0.7582772374153137
1612;0.6576536893844604
1613;0.11788779497146606
1614;0.11788779497146606
1615;0.11788779497146606
1616;0.11788779497146606
1617;0.11788779497146606
1618;0.11788779497146606
1619;0.6745829582214355
1620;0.6745829582214355
1621;0.6388601660728455
1622;0.12304878234863281
1623;0.5322443246841431
1624;0.5322443246841431
1625;0.7723496556282043
1626;0.5922657251358032
1627;0.4453481435775757
1628;0.5552880764007568
1629;0.5552880764007568
1630;0.11788779497146606
1631;0.11788779497146606
1632;0.13428348302841187
1633;0.13428348302841187
1634;0.11788779497146606
1635;0.11788779497146606
1636;0.7963707447052002
1637;0.34858521819114685
1638;0.7958428859710693
1639;0.11788779497146606
1640;0.6271101236343384
1641;0.752267599105835
1642;0.06281095743179321
1643;0.7550716400146484
1644;0.758232057094574
1645;0.8236620426177979
1646;0.11898636817932129
1647;0.16032785177230835
1648;0.08891403675079346
1649;0.13428348302841187
1650;0.09945356845855713
1651;0.1015329360961914
1652;0.10442197322845459
1653;0.11788779497146606
1654;0.11788779497146606
1655;0.11788779497146606
1656;0.11788779497146606
1657;0.11788779497146606
1658;0.11788779497146606
1659;0.5893446803092957
1660;0.11788779497146606
1661;0.11788779497146606
1662;0.11788779497146606
1663;0.6706487536430359
1664;0.11788779497146606
1665;0.11863923072814941
1666;0.13428348302841187
1667;0.11788779497146606
1668;0.11788779497146606
1669;0.08322608470916748
1670;0.7126870155334473
1671;0.08729135990142822
1672;0.08729135990142822
1673;0.4896121323108673
1674;0.41008490324020386
1675;0.6655341386795044
1676;0.6655341386795044
1677;0.6532958149909973
1678;0.7751369476318359
1679;0.6002530455589294
1680;0.13428348302841187
1681;0.7212372422218323
1682;0.7378420829772949
1683;0.6973516345024109
1684;0.11788779497146606
1685;0.11788779497146606
1686;0.11788779497146606
1687;0.11788779497146606
1688;0.11788779497146606
1689;0.11788779497146606
1690;0.8071835041046143
1691;0.7749297022819519
1692;0.7484630942344666
1693;0.7309901118278503
1694;0.7824623584747314
1695;0.709453284740448
1696;0.7659732103347778
1697;0.7697075009346008
1698;0.7615585327148438
1699;0.7650545835494995
1700;0.7586436867713928
1701;0.6678757071495056
1702;0.11788779497146606
1703;0.11788779497146606
1704;0.11788779497146606
1705;0.11788779497146606
1706;0.13428348302841187
1707;0.13428348302841187
1708;0.11941385269165039
1709;0.11941385269165039
1710;0.6339702010154724
1711;0.6339702010154724
1712;0.7309901118278503
1713;0.7309901118278503
1714;0.7151204943656921
1715;0.7420585751533508
1716;0.7420585751533508
1717;0.7215582728385925
1718;0.6667153239250183
1719;0.11788779497146606
1720;0.11788779497146606
1721;0.11788779497146606
1722;0.6868357062339783
1723;0.3801187574863434
1724;0.5400936603546143
1725;0.11788779497146606
1726;0.13428348302841187
1727;0.7486644387245178
1728;0.11788779497146606
1729;0.13428348302841187
1730;0.11788779497146606
1731;0.11788779497146606
1732;0.11788779497146606
1733;0.11788779497146606
1734;0.11788779497146606
1735;0.14068055152893066
1736;0.11788779497146606
1737;0.11788779497146606
1738;0.11788779497146606
1740;0.11788779497146606
1742;0.11788779497146606
1744;0.11788779497146606
1745;0.718844473361969
1746;0.718844473361969
1747;0.11054134368896484
1748;0.502561628818512
1749;0.44644895195961
1750;0.6269582509994507
1751;0.7842614054679871
1752;0.7762424349784851
1753;0.5505345463752747
1754;0.657158613204956
1755;0.7857735753059387
1756;0.11788779497146606
1757;0.11788779497146606
1758;0.13428348302841187
1759;0.13428348302841187
1760;0.11788779497146606
1761;0.11788779497146606
1762;0.7413529753684998
1763;0.6200973391532898
1764;0.5747495293617249
1765;0.5946941375732422
1766;0.7720092535018921
1767;0.7443040013313293
1768;0.6751251220703125
1769;0.6751251220703125
1770;0.7700965404510498
1771;0.7006049156188965
1772;0.13428348302841187
1773;0.6177590489387512
1774;0.11788779497146606
1775;0.11788779497146606
1776;0.11788779497146606
1777;0.11788779497146606
1778;0.12168943881988525
1779;0.11788779497146606
1780;0.11788779497146606
1781;0.11788779497146606
1782;0.11788779497146606
1783;0.09302651882171631
1784;0.11788779497146606
1785;0.13428348302841187
1786;0.11788779497146606
1787;0.13428348302841187
1788;0.13428348302841187
1789;0.11788779497146606
1790;0.11788779497146606
1791;0.13428348302841187
1792;0.11788779497146606
1793;0.11788779497146606
1794;0.11788779497146606
1795;0.11788779497146606
1796;0.11788779497146606
1797;0.11788779497146606
1798;0.11788779497146606
1799;0.11788779497146606
1800;0.11788779497146606
1801;0.11788779497146606
1802;0.622146487236023
1803;0.643247127532959
1804;0.6347355246543884
1805;0.7112012505531311
1806;0.5899861454963684
1807;0.5619238615036011
1808;0.11788779497146606
1809;0.11788779497146606
1810;0.11788779497146606
1811;0.11788779497146606
1812;0.11788779497146606
1813;0.11788779497146606
1814;0.11788779497146606
1815;0.11788779497146606
1816;0.11788779497146606
1817;0.11788779497146606
1818;0.11788779497146606
1819;0.11380642652511597
1820;0.5986196994781494
1821;0.09144783020019531
1822;0.09144783020019531
1823;0.11048626899719238
1824;0.11048626899719238
1825;0.13428348302841187
1826;0.13428348302841187
1827;0.13428348302841187
1828;0.13428348302841187
1829;0.13428348302841187
1830;0.6304188370704651
1831;0.10112786293029785
1832;0.08169287443161011
1833;0.13428348302841187
1834;0.6804800033569336
1835;0.10069531202316284
1836;0.09540367126464844
1837;0.11788779497146606
1838;0.5528672933578491
1839;0.11788779497146606
1840;0.11788779497146606
1841;0.11788779497146606
1842;0.6871064305305481
1843;0.11788779497146606
1844;0.11788779497146606
1845;0.7730613350868225
1846;0.09144783020019531
1847;0.7283088564872742
1848;0.7723883986473083
1850;0.11788779497146606
1851;0.7580817937850952
1852;0.12462389469146729
1854;0.7502325773239136
1855;0.7850409150123596
1856;0.7391331791877747
1857;0.11392319202423096
1858;0.11392319202423096
1859;0.10457563400268555
1860;0.7847307324409485
1861;0.685154139995575
1862;0.7613877058029175
1863;0.5747295022010803
1864;0.7853763103485107
1865;0.6228561401367188
1866;0.4687359035015106
1867;0.7476599216461182
1868;0.7223039865493774
1869;0.5989973545074463
1870;0.11971008777618408
1871;0.11971008777618408
1872;0.13452744483947754
1873;0.13452744483947754
1874;0.13273316621780396
1875;0.5655080080032349
1876;0.4687359035015106
1877;0.11788779497146606
1878;0.11788779497146606
1879;0.11788779497146606
1883;0.6140877604484558
1884;0.6420325636863708
1885;0.7819258570671082
1888;0.11392319202423096
1894;0.6455257534980774
1895;0.11788779497146606
1896;0.11788779497146606
1897;0.11788779497146606
1898;0.11788779497146606
1899;0.13428348302841187
1900;0.717387855052948
1901;0.545207679271698
1902;0.7993869781494141
1903;0.7863260507583618
1904;0.7195190787315369
1905;0.09264713525772095
1906;0.7049970030784607
1907;0.5160761475563049
1908;0.6558643579483032
1909;0.11788779497146606
1910;0.11788779497146606
1911;0.13428348302841187
1912;0.6498971581459045
1913;0.6399299502372742
1914;0.11788779497146606
1915;0.11788779497146606
1916;0.11788779497146606
1917;0.11788779497146606
1918;0.11788779497146606
1919;0.11788779497146606
1920;0.13428348302841187
1921;0.13428348302841187
1922;0.11788779497146606
1923;0.609541654586792
1924;0.7097234129905701
1925;0.7097234129905701
1926;0.7018846869468689
1927;0.6848012804985046
1928;0.609541654586792
1929;0.11788779497146606
1930;0.11788779497146606
1931;0.11788779497146606
1932;0.11788779497146606
1933;0.13428348302841187
1934;0.13428348302841187
1935;0.11788779497146606
1936;0.11788779497146606
1937;0.11788779497146606
1938;0.11788779497146606
1939;0.7408978939056396
1940;0.7385128736495972
1941;0.6755138039588928
1942;0.6755138039588928
1943;0.7366917729377747
1944;0.6939893960952759
1945;0.11788779497146606
1946;0.6750606298446655
1947;0.6750606298446655
1948;0.11788779497146606
1949;0.6976327896118164
1950;0.5532432794570923
1951;0.11420023441314697
1952;0.1260550618171692
1953;0.08279812335968018
1954;0.11317408084869385
1955;0.11788779497146606
1956;0.11788779497146606
1957;0.609541654586792
1958;0.5804916024208069
1959;0.6761630773544312
1960;0.6692829132080078
1961;0.13428348302841187
1962;0.637236475944519
1963;0.11788779497146606
1964;0.11788779497146606
1965;0.13428348302841187
1966;0.11788779497146606
1967;0.5721256732940674
1968;0.7387402057647705
1969;0.7282302975654602
1970;0.13428348302841187
1971;0.11788779497146606
1972;0.11788779497146606
1973;0.11788779497146606
1974;0.11788779497146606
1975;0.13428348302841187
1976;0.13428348302841187
1977;0.11788779497146606
1978;0.11788779497146606
1979;0.1112101674079895
1980;0.1112101674079895
1981;0.594219982624054
1982;0.594219982624054
1983;0.11788779497146606
1984;0.11788779497146606
1985;0.08349275588989258
1986;0.08402585983276367
1987;0.4221023619174957
1988;0.6953336596488953
1989;0.655717670917511
1990;0.11788779497146606
1991;0.11788779497146606
1992;0.11788779497146606
1993;0.45109760761260986
1994;0.5342642664909363
1995;0.6746674180030823
1996;0.5956913828849792
1997;0.5038167834281921
1998;0.11788779497146606
1999;0.11788779497146606
2000;0.11788779497146606
2001;0.11788779497146606
2002;0.11788779497146606
2003;0.11788779497146606
2004;0.11788779497146606
2005;0.6303969025611877
2006;0.6303969025611877
2007;0.10834920406341553
2008;0.10834920406341553
2009;0.6571106314659119
2010;0.7104395627975464
2011;0.6032426357269287
2012;0.6032426357269287
2013;0.10703611373901367
2014;0.10703611373901367
2015;0.07686460018157959
2016;0.09326857328414917
2018;0.11788779497146606
2019;0.11788779497146606
2020;0.11788779497146606
2021;0.11788779497146606
2022;0.11788779497146606
2023;0.11788779497146606
2024;0.5615101456642151
2025;0.06473088264465332
2026;0.5786550641059875
2027;0.6587222814559937
2028;0.6631413102149963
2029;0.6962084174156189
2030;0.11788779497146606
2031;0.11788779497146606
2032;0.13428348302841187
2033;0.13428348302841187
2034;0.11788779497146606
2035;0.11788779497146606
2036;0.11788779497146606
2037;0.11788779497146606
2038;0.11788779497146606
2039;0.11788779497146606
2040;0.11788779497146606
2041;0.11788779497146606
2042;0.7070488929748535
2043;0.7645658850669861
2044;0.795455813407898
2045;0.7944102883338928
2046;0.694383978843689
2047;0.694383978843689
2048;0.7269849181175232
2049;0.6959551572799683
2050;0.8357241153717041
2051;0.7369407415390015
2052;0.11788779497146606
2053;0.11788779497146606
2054;0.11788779497146606
2055;0.820184588432312
2056;0.13428348302841187
2057;0.11788779497146606
2058;0.11788779497146606
2059;0.11788779497146606
2060;0.11788779497146606
2061;0.11788779497146606
2062;0.11788779497146606
2063;0.11788779497146606
2064;0.11788779497146606
2065;0.11788779497146606
2066;0.6845084428787231
2067;0.6845084428787231
2068;0.7578943967819214
2069;0.7578943967819214
2070;0.7313810586929321
2071;0.7313810586929321
2072;0.6506737470626831
2073;0.6506737470626831
2074;0.6477044820785522
2075;0.6906689405441284
2076;0.5726532340049744
2077;0.5726532340049744
2079;0.11788779497146606
2081;0.11788779497146606
2082;0.7340291738510132
2083;0.7566483616828918
2085;0.6845084428787231
2086;0.6545228958129883
2087;0.8101930618286133
2088;0.7368766069412231
2089;0.7036957740783691
2091;0.11788779497146606
2093;0.7396261692047119
2094;0.7583891749382019
2095;0.7551087141036987
2097;0.13428348302841187
2099;0.11788779497146606
2101;0.13428348302841187
2102;0.7686790227890015
2103;0.7690950036048889
2104;0.7856024503707886
2105;0.7812039256095886
2106;0.7479028701782227
2107;0.7326000928878784
2109;0.11788779497146606
2110;0.6674037575721741
2111;0.09555768966674805
2112;0.11788779497146606
2113;0.13428348302841187
2114;0.11788779497146606
2115;0.13428348302841187
2116;0.7039834260940552
2117;0.671228289604187
2118;0.7411097884178162
2119;0.7857853174209595
2120;0.11788779497146606
2121;0.13428348302841187
2123;0.7511737942695618
2124;0.525767982006073
2126;0.11788779497146606
2127;0.12048095464706421
2128;0.12048095464706421
2129;0.7719305753707886
2130;0.7758226990699768
2131;0.7258411645889282
2132;0.7258411645889282
2134;0.11788779497146606
2135;0.6924172639846802
2136;0.5371990203857422
2138;0.11788779497146606
2139;0.11788779497146606
2140;0.11788779497146606
2141;0.11788779497146606
2142;0.11788779497146606
2143;0.11788779497146606
2144;0.09828943014144897
2145;0.09828943014144897
2146;0.0828472375869751
2147;0.0828472375869751
2148;0.762924075126648
2149;0.8152906894683838
2150;0.11788779497146606
2151;0.11788779497146606
2152;0.13428348302841187
2153;0.13428348302841187
2154;0.11788779497146606
2155;0.11788779497146606
2156;0.13428348302841187
2157;0.13428348302841187
2158;0.11788779497146606
2159;0.11788779497146606
2160;0.7852348685264587
2161;0.7416139245033264
2162;0.7634832859039307
2163;0.6978667378425598
2164;0.11250752210617065
2165;0.09478378295898438
2166;0.665189266204834
2167;0.6479004621505737
2168;0.5267544984817505
2169;0.6106962561607361
2170;0.6725717186927795
2171;0.6725717186927795
2172;0.11788779497146606
2173;0.11788779497146606
2174;0.13428348302841187
2175;0.08808696269989014
2176;0.7441445589065552
2177;0.7211042642593384
2178;0.11788779497146606
2179;0.13428348302841187
2180;0.11788779497146606
2181;0.7442055940628052
2182;0.13428348302841187
2183;0.7778300642967224
2184;0.11788779497146606
2185;0.6863099336624146
2186;0.11788779497146606
2187;0.7208413481712341
2188;0.6967048048973083
2189;0.7487207651138306
2190;0.7059950232505798
2191;0.7650561332702637
2192;0.692683756351471
2193;0.7545890212059021
2194;0.11788779497146606
2195;0.7648522853851318
2196;0.12108129262924194
2197;0.7765994071960449
2198;0.618739128112793
2199;0.13428348302841187
2201;0.11788779497146606
2203;0.11788779497146606
2205;0.08351671695709229
2206;0.08351671695709229
2207;0.0667424201965332
2208;0.48929905891418457
2209;0.13459241390228271
2210;0.5269350409507751
2211;0.7490979433059692
2212;0.5948494672775269
2214;0.13428348302841187
2216;0.728272557258606
2217;0.7631036639213562
2218;0.11788779497146606
2220;0.7334124445915222
2221;0.11788779497146606
2222;0.11788779497146606
2223;0.7568748593330383
2224;0.11298203468322754
2225;0.11788779497146606
2226;0.794847309589386
2227;0.11788779497146606
2228;0.7959908246994019
2229;0.11788779497146606
2230;0.7926104068756104
2231;0.7131567001342773
2232;0.8224696516990662
2233;0.770474374294281
2234;0.8060639500617981
2235;0.7198836803436279
2236;0.8149743676185608
2237;0.12168943881988525
2238;0.7987810373306274
2239;0.7257469296455383
2240;0.80679851770401
2241;0.7458646297454834
2242;0.8022288680076599
2243;0.11788779497146606
2244;0.11788779497146606
2245;0.11788779497146606
2246;0.11788779497146606
2247;0.11788779497146606
2248;0.11788779497146606
2249;0.6426722407341003
2250;0.6426722407341003
2251;0.08509886264801025
2252;0.08509886264801025
2253;0.7252572774887085
2254;0.7521846294403076
2255;0.7495239973068237
2256;0.7495239973068237
2257;0.11788779497146606
2258;0.11788779497146606
2259;0.11788779497146606
2260;0.11788779497146606
2261;0.11788779497146606
2262;0.11788779497146606
2263;0.11788779497146606
2264;0.11788779497146606
2265;0.11788779497146606
2266;0.11788779497146606
2267;0.7276932001113892
2268;0.5365553498268127
2269;0.10340553522109985
2270;0.10340553522109985
2271;0.7547641396522522
2272;0.5109978318214417
2273;0.13602280616760254
2274;0.6224852800369263
2275;0.7273433804512024
2276;0.10061776638031006
2277;0.6750397086143494
2278;0.7463508248329163
2279;0.7240225672721863
2280;0.7719751596450806
2281;0.7388047575950623
2282;0.7560734748840332
2283;0.7606901526451111
2284;0.7108302712440491
2285;0.7281984090805054
2286;0.7265276312828064
2288;0.11788779497146606
2289;0.8024062514305115
2290;0.11788779497146606
2291;0.11788779497146606
2292;0.13428348302841187
2293;0.7710658311843872
2294;0.11788779497146606
2295;0.11788779497146606
2296;0.11788779497146606
2297;0.680946409702301
2298;0.7296863794326782
2299;0.6188368201255798
2300;0.11788779497146606
2301;0.7552329301834106
2302;0.6917847394943237
2303;0.11788779497146606
2304;0.11788779497146606
2305;0.11788779497146606
2306;0.5839052200317383
2307;0.7138699293136597
2308;0.6538813710212708
2309;0.7112037539482117
2310;0.7504198551177979
2311;0.11788779497146606
2312;0.11788779497146606
2313;0.11788779497146606
2314;0.11788779497146606
2315;0.11788779497146606
2316;0.11788779497146606
2317;0.06309199333190918
2318;0.06309199333190918
2319;0.5768475532531738
2320;0.5768475532531738
2321;0.5310711860656738
2322;0.7133401036262512
2323;0.545244574546814
2324;0.6517189145088196
2325;0.6365114450454712
2326;0.6972286701202393
2327;0.11788779497146606
2328;0.6697097420692444
2329;0.11788779497146606
2330;0.7655361294746399
2331;0.11788779497146606
2332;0.7690920829772949
2333;0.7596070766448975
2334;0.753255307674408
2335;0.7116516828536987
2336;0.7936040163040161
2337;0.7429075241088867
2338;0.802777886390686
2339;0.7256227731704712
2340;0.7764686942100525
2341;0.7038717269897461
2342;0.7818981409072876
2343;0.7407020330429077
2344;0.7527878284454346
2345;0.8018444180488586
2346;0.7662003040313721
2347;0.784480094909668
2348;0.7881645560264587
2349;0.7536950707435608
2350;0.7470811009407043
2351;0.7266445755958557
2352;0.7641493678092957
2353;0.7946299314498901
2354;0.7008354067802429
2355;0.11788779497146606
2357;0.11788779497146606
2359;0.6517632603645325
2360;0.11971008777618408
2361;0.07230114936828613
2363;0.7646100521087646
2364;0.7379407286643982
2365;0.08991497755050659
2366;0.5092881917953491
2367;0.13428348302841187
2368;0.11788779497146606
2370;0.09144783020019531
2371;0.6023625135421753
2373;0.13466757535934448
2374;0.6658929586410522
2375;0.11788779497146606
2376;0.11788779497146606
2377;0.11788779497146606
2378;0.7065868973731995
2379;0.7193757891654968
2380;0.7846943736076355
2381;0.7545839548110962
2382;0.731648862361908
2383;0.6827400922775269
2384;0.7897839546203613
2385;0.7607017755508423
2386;0.7432636618614197
2388;0.691378116607666
2390;0.7951879501342773
2392;0.7644157409667969
2393;0.7684013247489929
2394;0.7684013247489929
2395;0.7244123816490173
2396;0.8100340962409973
2397;0.742684006690979
2399;0.7439428567886353
2400;0.7136922478675842
2401;0.7136922478675842
2402;0.5631557106971741
2403;0.5516039729118347
2404;0.7705175876617432
2405;0.8051995635032654
2406;0.8083962798118591
2407;0.7849423885345459
2408;0.5341395735740662
2409;0.11788779497146606
2410;0.11788779497146606
2411;0.8208013772964478
2412;0.11788779497146606
2413;0.11788779497146606
2414;0.13428348302841187
2415;0.11788779497146606
2416;0.11788779497146606
2417;0.11788779497146606
2418;0.11788779497146606
2419;0.11788779497146606
2420;0.11788779497146606
2421;0.6227121949195862
2422;0.6227121949195862
2423;0.7023369669914246
2424;0.47478437423706055
2425;0.6760973334312439
2426;0.4080381393432617
2427;0.7060766220092773
2428;0.7158154249191284
2429;0.7263472676277161
2430;0.09393167495727539
2431;0.08322608470916748
2432;0.7196530103683472
2433;0.7277665734291077
2434;0.7832512259483337
2435;0.7832512259483337
2436;0.75673508644104
2437;0.75673508644104
2438;0.7197725772857666
2439;0.7705400586128235
2440;0.7857347130775452
2441;0.804690420627594
2442;0.7552050948143005
2443;0.7663404941558838
2444;0.7915093302726746
2445;0.7729944586753845
2446;0.783039391040802
2447;0.7509315609931946
2448;0.7154264450073242
2449;0.11788779497146606
2450;0.6959289908409119
2451;0.13428348302841187
2452;0.7635347843170166
2453;0.11788779497146606
2454;0.7826797962188721
2455;0.7327365279197693
2456;0.764273464679718
2457;0.6153294444084167
2458;0.7738386988639832
2459;0.5646666884422302
2460;0.7441898584365845
2461;0.5497260689735413
2462;0.7089834809303284
2463;0.11788779497146606
2464;0.7712677121162415
2465;0.6987844705581665
2466;0.13428348302841187
2467;0.11788779497146606
2468;0.13428348302841187
2469;0.7192593216896057
2470;0.6638957858085632
2471;0.07482397556304932
2472;0.6323337554931641
2473;0.7551211714744568
2474;0.11788779497146606
2475;0.674345850944519
2477;0.11788779497146606
2478;0.11788779497146606
2479;0.11788779497146606
2480;0.11788779497146606
2481;0.11788779497146606
2482;0.11788779497146606
2483;0.710369884967804
2484;0.5491072535514832
2485;0.06308764219284058
2486;0.7382941842079163
2487;0.7281527519226074
2488;0.7412915229797363
2489;0.7777133584022522
2490;0.7112278938293457
2491;0.6526740789413452
2492;0.11788779497146606
2493;0.11788779497146606
2494;0.11788779497146606
2495;0.11788779497146606
2496;0.11788779497146606
2497;0.11788779497146606
2498;0.13428348302841187
2499;0.13428348302841187
2500;0.657522439956665
2501;0.657522439956665
2502;0.6898683905601501
2503;0.6898683905601501
2504;0.7094861268997192
2505;0.5626606345176697
2506;0.13428348302841187
2507;0.13428348302841187
2508;0.13428348302841187
2509;0.13428348302841187
2510;0.13428348302841187
2511;0.13428348302841187
2512;0.7367880344390869
2514;0.11788779497146606
2516;0.11788779497146606
2517;0.11788779497146606
2518;0.13428348302841187
2519;0.7225872278213501
2520;0.11788779497146606
2521;0.7216395735740662
2522;0.11788779497146606
2523;0.7408965229988098
2524;0.6287664771080017
2525;0.719845175743103
2526;0.6157096028327942
2527;0.7771410942077637
2528;0.7997790575027466
2529;0.8047946691513062
2530;0.6141581535339355
2531;0.7097434401512146
2532;0.5922834277153015
2533;0.7980900406837463
2534;0.13428348302841187
2535;0.7578670978546143
2536;0.11788779497146606
2537;0.7587116360664368
2538;0.11788779497146606
2539;0.7470868825912476
2540;0.13428348302841187
2541;0.7232125997543335
2542;0.6098390817642212
2543;0.7565550208091736
2544;0.7403858304023743
2545;0.7639527320861816
2546;0.09820777177810669
2547;0.7543553113937378
2548;0.7214161157608032
2549;0.7865527868270874
2550;0.7494235634803772
2551;0.7872591018676758
2552;0.721626341342926
2553;0.7560757398605347
2554;0.6692274808883667
2555;0.0935823917388916
2556;0.7537619471549988
2557;0.7803863286972046
2558;0.7776952385902405
2559;0.7742432951927185
2560;0.11788779497146606
2562;0.10444778203964233
2563;0.6325017809867859
2564;0.13428348302841187
2566;0.7776952385902405
2567;0.7736659049987793
2568;0.7747983336448669
2569;0.7838900089263916
2570;0.11788779497146606
2571;0.11788779497146606
2572;0.11788779497146606
2573;0.11788779497146606
2574;0.11788779497146606
2575;0.11788779497146606
2576;0.6402497887611389
2577;0.5505345463752747
2578;0.6952191591262817
2579;0.12048095464706421
2580;0.12048095464706421
2581;0.6963101625442505
2582;0.6963101625442505
2583;0.7370519042015076
2584;0.7306252121925354
2585;0.7231807708740234
2586;0.7391251921653748
2587;0.11788779497146606
2588;0.11788779497146606
2589;0.13428348302841187
2590;0.13428348302841187
2591;0.11788779497146606
2592;0.11788779497146606
2593;0.7526732683181763
2594;0.6927178502082825
2595;0.679955780506134
2596;0.6278918981552124
2597;0.09669697284698486
2598;0.09669697284698486
2599;0.06916689872741699
2600;0.7673171758651733
2601;0.7675262093544006
2602;0.7803083062171936
2603;0.7532019019126892
2604;0.7532019019126892
2605;0.11788779497146606
2606;0.11788779497146606
2607;0.11788779497146606
2608;0.11788779497146606
2609;0.11788779497146606
2610;0.11788779497146606
2611;0.718544602394104
2612;0.6649885177612305
2613;0.10703611373901367
2614;0.10703611373901367
2615;0.12048095464706421
2616;0.12048095464706421
2617;0.11788779497146606
2618;0.6101096272468567
2619;0.7535551190376282
2620;0.6682236790657043
2621;0.6375717520713806
2622;0.13428348302841187
2624;0.11788779497146606
2626;0.11788779497146606
2628;0.7517338991165161
2629;0.6494308114051819
2630;0.6698551177978516
2632;0.6922075152397156
2633;0.6952798366546631
2634;0.7269615530967712
2635;0.6850975751876831
2636;0.7315974831581116
2637;0.7124314904212952
2638;0.7348411679267883
2639;0.7501099705696106
2640;0.11788779497146606
2641;0.11788779497146606
2642;0.11788779497146606
2643;0.11788779497146606
2644;0.11788779497146606
2645;0.11788779497146606
2646;0.10960865020751953
2647;0.10960865020751953
2648;0.5146170258522034
2649;0.5146170258522034
2650;0.10406738519668579
2651;0.10406738519668579
2652;0.73896723985672
2653;0.73896723985672
2654;0.5786038637161255
2655;0.5786038637161255
2656;0.5278982520103455
2657;0.6674172282218933
2658;0.11788779497146606
2659;0.13428348302841187
2660;0.11788779497146606
2661;0.11788779497146606
2662;0.11788779497146606
2663;0.7207494378089905
2664;0.7207494378089905
2665;0.11380642652511597
2666;0.11380642652511597
2667;0.6930650472640991
2668;0.7549973130226135
2669;0.703933835029602
2670;0.756923258304596
2671;0.6151918768882751
2672;0.649389922618866
2673;0.7217184901237488
2674;0.74761962890625
2676;0.6682235598564148
2677;0.5859883427619934
2678;0.7656805515289307
2680;0.7422318458557129
2681;0.7401430010795593
2682;0.7720717191696167
2683;0.6942754983901978
2684;0.8013360500335693
2685;0.550353467464447
2686;0.550353467464447
2688;0.7809395790100098
2690;0.7702851295471191
2691;0.5622880458831787
2692;0.797207236289978
2693;0.11788779497146606
2694;0.11788779497146606
2695;0.11788779497146606
2696;0.11788779497146606
2697;0.11788779497146606
2698;0.7271159887313843
2699;0.7271159887313843
2700;0.40878215432167053
2701;0.40878215432167053
2702;0.6674670577049255
2703;0.6674670577049255
2704;0.5035618543624878
2705;0.5035618543624878
2706;0.7300766706466675
2707;0.724919319152832
2708;0.08089333772659302
2709;0.08089333772659302
2710;0.7460976839065552
2711;0.8080291152000427
2712;0.6739010214805603
2713;0.5211398005485535
2715;0.7358269691467285
2717;0.7691920399665833
2718;0.11788779497146606
2719;0.11788779497146606
2720;0.11788779497146606
2722;0.11788779497146606
2724;0.07801544666290283
2725;0.698283851146698
2726;0.7765354514122009
2727;0.7168751358985901
2728;0.6897565722465515
2729;0.6934319734573364
2730;0.7663968801498413
2731;0.10151314735412598
2732;0.5856049060821533
2733;0.7625859975814819
2734;0.7835585474967957
2735;0.13428348302841187
2736;0.13428348302841187
2737;0.09013265371322632
2738;0.5448362231254578
2739;0.8008254766464233
2740;0.11788779497146606
2741;0.11788779497146606
2742;0.11788779497146606
2743;0.11788779497146606
2745;0.6925385594367981
2746;0.13428348302841187
2747;0.7950677275657654
2748;0.11788779497146606
2749;0.7848296165466309
2750;0.13428348302841187
2751;0.7792772650718689
2752;0.7792772650718689
2753;0.5201504230499268
2754;0.7032174468040466
2755;0.6723593473434448
2756;0.7738431692123413
2757;0.7477946281433105
2758;0.7575494647026062
2759;0.7091383337974548
2760;0.6568702459335327
2761;0.788334310054779
2762;0.788334310054779
2763;0.795764148235321
2764;0.11788779497146606
2765;0.8136353492736816
2766;0.7967827320098877
2767;0.7933017611503601
2768;0.11788779497146606
2769;0.7388949394226074
2770;0.805417001247406
2771;0.11788779497146606
2772;0.11788779497146606
2773;0.11788779497146606
2774;0.11788779497146606
2775;0.11788779497146606
2776;0.11788779497146606
2777;0.5854522585868835
2778;0.6935763359069824
2779;0.6037124991416931
2780;0.6037124991416931
2781;0.07823240756988525
2782;0.07823240756988525
2783;0.7296739816665649
2784;0.7296739816665649
2785;0.5114306211471558
2786;0.7441756725311279
2787;0.7075974345207214
2788;0.7412883043289185
2789;0.7612540125846863
2790;0.777251124382019
2791;0.7289255857467651
2792;0.6602100133895874
2793;0.774745523929596
2794;0.7377995252609253
2795;0.6668656468391418
2800;0.7757434844970703
2801;0.11788779497146606
2802;0.11788779497146606
2803;0.5785148739814758
2804;0.6841224431991577
2805;0.6243138313293457
2806;0.6909526586532593
2807;0.5503849387168884
2808;0.11288028955459595
2809;0.6922932863235474
2810;0.11788779497146606
2811;0.13428348302841187
2812;0.11788779497146606
2813;0.5921326875686646
2814;0.5785148739814758
2815;0.1004180908203125
2816;0.13428348302841187
2817;0.5902752876281738
2818;0.7078421115875244
2819;0.13428348302841187
2820;0.7586013078689575
2821;0.7307224273681641
2822;0.39066651463508606
2823;0.5683446526527405
2824;0.7529870271682739
2825;0.7792032957077026
2826;0.11788779497146606
2828;0.11788779497146606
2829;0.11788779497146606
2830;0.11788779497146606
2831;0.13428348302841187
2832;0.13428348302841187
2833;0.11788779497146606
2834;0.11788779497146606
2835;0.10874408483505249
2836;0.10874408483505249
2837;0.6176084876060486
2838;0.6176084876060486
2839;0.6538444757461548
2840;0.6538444757461548
2842;0.11788779497146606
2844;0.11788779497146606
2845;0.7551097869873047
2846;0.7638869285583496
2847;0.11788779497146606
2848;0.11788779497146606
2849;0.11788779497146606
2850;0.5931985378265381
2851;0.12048095464706421
2852;0.06791800260543823
2853;0.11788779497146606
2854;0.7518675327301025
2855;0.13428348302841187
2856;0.13428348302841187
2858;0.11788779497146606
2860;0.5517483353614807
2862;0.4287784695625305
2863;0.444141685962677
2864;0.5819193720817566
2865;0.6649326682090759
2866;0.13428348302841187
2867;0.5724046230316162
2868;0.7491214275360107
2869;0.11788779497146606
2870;0.11788779497146606
2871;0.13428348302841187
2872;0.11250752210617065
2873;0.4287784695625305
2874;0.09252554178237915
2875;0.13428348302841187
2876;0.13428348302841187
2877;0.5403718948364258
2878;0.7152510285377502
2880;0.11788779497146606
2881;0.11788779497146606
2882;0.7947442531585693
2883;0.11788779497146606
2884;0.11788779497146606
2885;0.11788779497146606
2886;0.11788779497146606
2888;0.11788779497146606
2890;0.11788779497146606
2892;0.7238848805427551
2893;0.7417590022087097
2894;0.11282843351364136
2895;0.5321003794670105
2896;0.10960865020751953
2898;0.7385368943214417
2899;0.6698927879333496
2900;0.5768475532531738
2901;0.12284445762634277
2903;0.788946807384491
2904;0.11788779497146606
2905;0.7598214745521545
2906;0.11788779497146606
2907;0.7679746150970459
2908;0.11788779497146606
2909;0.7460532784461975
2910;0.6692829132080078
2911;0.7766226530075073
2912;0.6976327896118164
2913;0.7797130942344666
2914;0.7798711657524109
2915;0.7693704962730408
2916;0.11788779497146606
2917;0.7148823142051697
2918;0.12048095464706421
2919;0.7949081659317017
2920;0.7669681906700134
2921;0.13428348302841187
2922;0.11788779497146606
2923;0.11788779497146606
2924;0.6755138039588928
2925;0.540511965751648
2926;0.13428348302841187
2927;0.11788779497146606
2928;0.13428348302841187
2929;0.7400076985359192
2930;0.5859883427619934
2931;0.549064040184021
2932;0.11720836162567139
2933;0.11788779497146606
2934;0.11788779497146606
2935;0.7571031451225281
2936;0.7495378255844116
2937;0.7428873181343079
2938;0.7428873181343079
2939;0.7819927930831909
2940;0.7819927930831909
2941;0.6875536441802979
2942;0.6875536441802979
2943;0.8043374419212341
2944;0.8043374419212341
2945;0.7748426795005798
2946;0.7701651453971863
2947;0.8016244173049927
2948;0.8016244173049927
2949;0.11788779497146606
2950;0.765640914440155
2951;0.7770335674285889
2952;0.7851385474205017
2953;0.11788779497146606
2954;0.11788779497146606
2955;0.13428348302841187
2956;0.6342719793319702
2957;0.10848504304885864
2958;0.5931045413017273
2959;0.5769236087799072
2960;0.6871000528335571
2961;0.5917677283287048
2962;0.5238375067710876
2963;0.5224685072898865
2964;0.7363195419311523
2965;0.7115316390991211
2966;0.11788779497146606
2968;0.7072668075561523
2969;0.11788779497146606
2970;0.7491579651832581
2971;0.11788779497146606
2972;0.7630007863044739
2973;0.11788779497146606
2974;0.7816658020019531
2975;0.10332697629928589
2976;0.7725485563278198
2977;0.07974410057067871
2978;0.729590892791748
2979;0.08060288429260254
2980;0.7710387110710144
2981;0.11788779497146606
2982;0.6747059226036072
2983;0.09478378295898438
2984;0.7294787168502808
2985;0.11788779497146606
2986;0.11788779497146606
2987;0.11788779497146606
2988;0.11788779497146606
2989;0.6953336596488953
2990;0.09861677885055542
2991;0.6097853183746338
2992;0.13428348302841187
2993;0.13428348302841187
2994;0.08402585983276367
2995;0.06957036256790161
2996;0.45694610476493835
2997;0.09446215629577637
2998;0.5284745693206787
2999;0.11788779497146606
3001;0.7882816791534424
3002;0.11788779497146606
3004;0.11788779497146606
3005;0.7683227062225342
3006;0.7683227062225342
3007;0.730808436870575
3008;0.730808436870575
3009;0.7307831645011902
3010;0.7307831645011902
3011;0.7182630300521851
3012;0.7213389873504639
3013;0.6998105645179749
3014;0.6998105645179749
3015;0.6752150058746338
3016;0.688103437423706
3017;0.7009148001670837
3018;0.7078582644462585
3019;0.7682173848152161
3020;0.7154277563095093
3021;0.7822627425193787
3022;0.7262481451034546
3023;0.11788779497146606
3024;0.11788779497146606
3025;0.7795588374137878
3026;0.7225061058998108
3027;0.11788779497146606
3028;0.11788779497146606
3029;0.11788779497146606
3030;0.7619682550430298
3031;0.7800351977348328
3033;0.11964237689971924
3035;0.11788779497146606
3036;0.11788779497146606
3040;0.11788779497146606
3042;0.11788779497146606
3044;0.11788779497146606
3045;0.7269923686981201
3046;0.6905242204666138
3047;0.0968170166015625
3048;0.0968170166015625
3049;0.56587815284729
3050;0.6071578860282898
3051;0.6318778395652771
3052;0.6318778395652771
3053;0.7368884682655334
3054;0.7020635604858398
3055;0.11788779497146606
3056;0.7849913835525513
3057;0.11788779497146606
3058;0.7439379692077637
3059;0.11788779497146606
3060;0.7343547344207764
3061;0.7582249641418457
3062;0.7582249641418457
3063;0.7303779721260071
3064;0.7303779721260071
3065;0.5008324384689331
3066;0.700739860534668
3067;0.7850388288497925
3068;0.7850388288497925
3070;0.7363248467445374
3071;0.7881916165351868
3072;0.7919570207595825
3073;0.7885645627975464
3074;0.8108987808227539
3076;0.11788779497146606
3077;0.7598772644996643
3079;0.13428348302841187
3080;0.11788779497146606
3081;0.13428348302841187
3082;0.7364412546157837
3083;0.11788779497146606
3084;0.6921511292457581
3085;0.11788779497146606
3086;0.7467125058174133
3087;0.705853283405304
3088;0.7680724859237671
3089;0.6959660053253174
3090;0.7435218691825867
3091;0.7965951561927795
3092;0.8028088808059692
3093;0.40210697054862976
3094;0.797208309173584
3095;0.5939671397209167
3096;0.7706369757652283
3097;0.060778260231018066
3098;0.7858697772026062
3102;0.11788779497146606
3103;0.11788779497146606
3104;0.11788779497146606
3106;0.11788779497146606
3108;0.7402316927909851
3109;0.6853892207145691
3110;0.7360144257545471
3111;0.6980318427085876
3112;0.09908705949783325
3114;0.6031602621078491
3115;0.6031602621078491
3116;0.655785858631134
3117;0.1215856671333313
3118;0.7742317318916321
3119;0.6797826290130615
3120;0.10445868968963623
3121;0.11788779497146606
3122;0.11788779497146606
3123;0.11788779497146606
3125;0.7634409666061401
3126;0.11788779497146606
3127;0.7998213768005371
3128;0.11788779497146606
3129;0.7222453355789185
3130;0.11788779497146606
3131;0.753302276134491
3132;0.7102588415145874
3133;0.7786319255828857
3134;0.7473626732826233
3135;0.7333607077598572
3136;0.6461213827133179
3137;0.779429018497467
3138;0.7643477320671082
3139;0.7673631906509399
3140;0.13428348302841187
3141;0.7823022603988647
3142;0.7746132016181946
3144;0.7708582878112793
3145;0.0977984070777893
3146;0.5295005440711975
3147;0.4323953092098236
3148;0.11788779497146606
3149;0.7907299399375916
3150;0.7734907865524292
3151;0.7491549849510193
3152;0.11788779497146606
3153;0.7915294766426086
3154;0.11788779497146606
3155;0.7380493879318237
3156;0.6755781173706055
3157;0.769951343536377
3158;0.11788779497146606
3159;0.7775684595108032
3160;0.6368478536605835
3161;0.7762467265129089
3162;0.10107564926147461
3163;0.762105405330658
3164;0.12813472747802734
3165;0.7957127094268799
3166;0.616428792476654
3168;0.11788779497146606
3170;0.13428348302841187
3171;0.44777441024780273
3172;0.7546781301498413
3173;0.0964353084564209
3174;0.0964353084564209
3175;0.6283368468284607
3176;0.8015714883804321
3177;0.0874825119972229
3178;0.5441071391105652
3179;0.7749427556991577
3180;0.7675595283508301
3181;0.7595382928848267
3182;0.11788779497146606
3183;0.11788779497146606
3184;0.11788779497146606
3185;0.11788779497146606
3186;0.11788779497146606
3187;0.7555336952209473
3188;0.7679126858711243
3189;0.7194221019744873
3190;0.7194221019744873
3191;0.7855162620544434
3192;0.7982683777809143
3193;0.6224151253700256
3194;0.6937295794487
3195;0.7787853479385376
3196;0.782522439956665
3197;0.7745543718338013
3198;0.7090733051300049
3199;0.11788779497146606
3200;0.11788779497146606
3201;0.11788779497146606
3202;0.11788779497146606
3203;0.11788779497146606
3204;0.11788779497146606
3205;0.5115227103233337
3206;0.5475665926933289
3207;0.6747120022773743
3208;0.77103590965271
3209;0.4146624505519867
3210;0.4146624505519867
3211;0.760611355304718
3212;0.7087774276733398
3213;0.7860783934593201
3214;0.7123100757598877
3215;0.7600486278533936
3216;0.11788779497146606
3217;0.11788779497146606
3218;0.11788779497146606
3219;0.11788779497146606
3220;0.13428348302841187
3221;0.49773672223091125
3222;0.6087964773178101
3223;0.5787443518638611
3224;0.5787443518638611
3225;0.7119788527488708
3226;0.7018911242485046
3227;0.7137109041213989
3228;0.624488890171051
3229;0.11788779497146606
3230;0.11788779497146606
3231;0.4146624505519867
3232;0.4146624505519867
3233;0.790490448474884
3234;0.699998676776886
3236;0.11788779497146606
3237;0.11788779497146606
3238;0.7704552412033081
3239;0.11788779497146606
3240;0.11788779497146606
3242;0.11788779497146606
3244;0.13428348302841187
3246;0.11788779497146606
3248;0.6992730498313904
3249;0.538163959980011
3250;0.7320252656936646
3251;0.749601423740387
3252;0.7841090559959412
3253;0.8107354640960693
3254;0.745272696018219
3255;0.7664700746536255
3256;0.6962631940841675
3257;0.6962631940841675
3258;0.7325029969215393
3259;0.7376603484153748
3260;0.7887817025184631
3261;0.7283554077148438
3262;0.7652434706687927
3263;0.7680193781852722
3264;0.7563422322273254
3265;0.7479586005210876
3267;0.11788779497146606
3269;0.11788779497146606
3271;0.6998611092567444
3273;0.5932189226150513
3274;0.7619922757148743
3275;0.11788779497146606
3277;0.7255634665489197
3279;0.775116503238678
3280;0.7459911704063416
3282;0.7468215823173523
3283;0.7338452935218811
3284;0.7004493474960327
3285;0.7230892777442932
3286;0.6866194009780884
3287;0.7286683917045593
3288;0.7689902782440186
3289;0.7634270787239075
3290;0.8120012283325195
3291;0.5479732155799866
3292;0.11788779497146606
3295;0.11788779497146606
3296;0.11788779497146606
3297;0.11788779497146606
3298;0.11788779497146606
3299;0.11788779497146606
3301;0.11788779497146606
3303;0.6084322333335876
3304;0.6084322333335876
3305;0.076759934425354
3306;0.5360063910484314
3307;0.6075103282928467
3308;0.6075103282928467
3309;0.6609715223312378
3310;0.7634832859039307
3311;0.10877722501754761
3312;0.5392059683799744
3313;0.11788779497146606
3314;0.7997161149978638
3315;0.76877361536026
3316;0.7549710273742676
3317;0.11069619655609131
3320;0.11788779497146606
3321;0.7985408902168274
3324;0.11788779497146606
3326;0.13428348302841187
3328;0.11788779497146606
3330;0.6736066341400146
3331;0.08823472261428833
3332;0.7116594910621643
3333;0.7103618383407593
3335;0.6480017304420471
3336;0.7118922472000122
3337;0.14721691608428955
3339;0.13428348302841187
3341;0.13428348302841187
3342;0.13428348302841187
3343;0.11788779497146606
3344;0.11788779497146606
3345;0.11788779497146606
3346;0.11788779497146606
3347;0.11392319202423096
3348;0.11392319202423096
3349;0.5224758982658386
3350;0.6327406764030457
3351;0.6408388018608093
3352;0.09486639499664307
3353;0.718054473400116
3354;0.7736169099807739
3355;0.47407257556915283
3356;0.5276245474815369
3357;0.5433140397071838
