;MAD
0;0.6111226655353159
1;0.7893851120464177
2;0.5973272223636189
3;0.8529976543074845
5;0.6734889052819839
6;0.7314720937026246
7;0.8956757370203972
8;0.21240517471411868
9;0.8451284726948183
10;0.7474279312717145
11;0.8019542026247337
12;0.500110236800068
13;0.7936890803692473
14;0.26099140872140303
15;0.8154483469638726
16;0.5479656549371671
17;0.711735297009749
20;0.6316864104476945
21;0.6316864104476945
22;0.5222242343515917
23;0.5222242343515917
24;0.8008481277627737
25;0.8008481277627737
26;0.8321709368311668
27;0.8321709368311668
28;0.6382335271617258
29;0.6382335271617258
30;0.6647209771378318
31;0.6647209771378318
32;0.7266594005005552
33;0.5692521228831339
34;0.5431244247113675
35;0.6524297166825319
36;0.5851666313333264
37;0.6192108237699365
38;0.6236037544703067
39;0.5339257744990631
41;0.8457773326264014
42;0.7564682779681048
43;0.6864285529762629
44;0.6465972881587534
46;-0.13964310750650155
47;-0.08228219473840681
48;0.08107839726384093
49;0.15309785011855734
50;0.5816287011231481
51;0.1686856745684355
52;0.3026760673120969
54;0.48833230924064625
55;0.531832541578853
56;0.605060362386479
57;0.48833230924064625
58;0.5803914984328186
59;0.6203027117735425
60;0.030779031799040908
61;0.4407349866390568
62;0.5238791442997428
63;-0.014628019170733239
65;0.7404355170175103
66;0.41532416974153186
67;0.44154715313601667
68;0.5183781416492232
69;0.21168936156971818
70;0.3459612898924894
71;0.5183781416492232
72;0.5980460449655811
73;0.41532416974153186
74;0.5183781416492232
75;0.5431162447638421
76;0.33240796949668433
77;0.41760732928811856
78;0.34151726439414537
79;0.34151726439414537
82;0.444877244024258
83;0.444877244024258
84;0.7405049332234312
85;0.7405049332234312
86;0.23690243941410424
87;0.23690243941410424
88;0.7458617461329367
89;0.7458617461329367
90;0.5030250020551689
91;0.5030250020551689
92;0.838232167742132
93;0.9156231873603231
94;0.3743893109312916
95;0.7723176442103367
96;0.4415196070085785
97;0.4415196070085785
98;0.5594212384925111
99;0.5594212384925111
102;0.2611438428828879
103;0.2611438428828879
104;0.19035803419315614
105;0.19035803419315614
108;0.4606208009732539
109;0.4606208009732539
114;0.6656085896349423
115;0.791645819988208
116;0.8019264273162029
117;0.7621741363550277
119;0.7319295355448516
120;0.6877858302653148
123;0.8536167724498646
124;0.7278727025065895
125;0.7074720010707163
127;0.5148011387591547
128;0.4831792738888792
129;0.4831792738888792
130;0.5004526896362606
131;0.5004526896362606
132;0.7129419352753454
133;0.7129419352753454
134;0.31038784492919025
135;0.31038784492919025
136;0.26391722084896235
137;0.6812010915335858
141;0.31542849478244545
142;0.31542849478244545
144;0.6092104272965914
145;0.6270842363278964
146;0.6270842363278964
149;0.484273597257794
150;0.6973912855838588
151;0.1835614476763807
152;0.597674926416759
153;0.7918665528945265
154;0.5673269314090703
157;0.602258606889419
158;0.602258606889419
159;0.6773512525218124
160;0.6773512525218124
165;0.5710912371737734
166;0.5710912371737734
167;0.3708907283802111
168;0.3708907283802111
169;0.5030775628681322
170;0.5030775628681322
171;0.5755136306127868
172;0.5755136306127868
173;0.4158901999493442
174;0.504949843711997
177;0.4982984877981453
178;0.4982984877981453
179;0.7423256290583645
180;0.46495009124209735
181;0.7610155831179253
182;0.5807437108741174
183;0.8276784098316117
185;0.8248608709586702
186;0.6181204800422979
188;0.7937235896179837
189;0.7840906372446249
190;0.7919197960764415
192;0.8441907234481739
193;0.860103041664735
196;0.7667804412355913
197;0.7667804412355915
198;0.4664799995814063
199;0.7286105881888545
200;0.8454033460046393
201;0.8454033460046394
202;0.7818627191582689
203;0.7818627191582689
204;0.8412155488262524
205;0.8412155488262524
208;0.9226652341410291
209;0.8317197077324818
210;0.8605039381715216
211;0.6648921944794534
212;0.8683965076730352
213;0.8683965076730353
214;0.701251879544123
215;-0.05935122695503136
216;0.7273338273696709
217;0.627236299426579
218;0.7667455833981781
219;0.6039013020231838
220;0.4804480334046985
221;0.7444594672307165
222;0.5872457222509582
223;0.5331772696574324
224;0.4979127952180551
225;0.5199459796274303
226;0.6788370703033975
228;0.5514298852410349
229;0.6912873445164356
231;0.36433623517088537
232;0.7236671586907628
233;0.7236671586907628
237;0.3924584765646796
238;0.3924584765646796
239;0.5902361669981636
240;0.5902361669981635
241;0.7324952476324588
242;0.7324952476324588
243;0.414883810725362
244;0.414883810725362
245;0.6280286939951413
246;0.4277773894008142
247;0.7196203849926686
250;0.5975818680317103
251;0.5975818680317103
253;0.7669079878320078
254;0.5690805829930157
255;0.7427525963460695
256;0.6636891027521866
257;0.6636891027521866
258;0.769497052388085
259;0.872462288271253
260;0.6731155815279474
261;0.5873901851721322
263;0.7422875720754044
264;0.442634319536306
265;0.442634319536306
266;0.655552635117829
267;0.655552635117829
268;0.5855920526200349
269;0.5855920526200349
270;0.7018544279370674
271;0.7018544279370674
272;0.6455869707109371
273;0.7275224230273329
274;0.7654310223460867
275;0.7654413409186274
276;0.7048581047071865
277;0.8114785651176033
278;0.6819901924954017
279;0.6819901924954017
281;0.8040484651734344
282;0.47128518981696843
283;0.47128518981696843
286;0.5580092076195831
287;0.5580092076195831
288;0.5937112516251432
289;0.5937112516251432
290;0.8197088053289184
291;0.8197088053289184
294;0.8120373007635966
295;0.759989622062561
299;0.5208512313111825
300;0.7725399820311288
301;0.8492797334462988
302;0.6089482955452027
303;0.8654934409863653
304;0.598173047712742
305;0.8304221809726955
306;0.6635367173305254
307;0.5558471889090759
308;0.5558471889090759
309;0.752222149880595
310;0.7326983689498592
311;0.7840847058987835
312;0.7606583122172031
313;0.8340486756243858
314;0.6457292228886506
315;0.8224370924284523
316;0.33514313297604775
317;0.5697011669701422
318;0.5697011669701422
319;0.5321672069968523
320;0.5321672069968523
321;0.6551198799832196
322;0.6551198799832196
323;0.454578167259424
324;0.8111001915110571
325;0.78990768193685
326;0.8703066175157324
329;0.44453651651221604
330;0.752053982784848
331;0.42860929438838574
332;0.8156638247196805
335;0.4998411455130453
336;0.4998411455130453
338;0.6631496961779025
339;0.6840195550644608
340;0.6840195550644608
341;0.6104574307547757
342;0.5459001104241964
343;0.5895057232954732
344;0.7758693779953719
345;0.7758693779953719
346;0.6845006238642641
347;0.6845006238642641
348;0.38906983785038385
349;0.38906983785038385
350;0.5598705150157056
351;0.5598705150157056
352;0.436826134785978
353;0.436826134785978
354;0.5771054449333619
355;0.5771054449333619
356;0.5236434778264832
357;0.5236434778264832
358;-0.3467674288733808
359;0.8378401909476282
360;0.45487188475005086
361;0.874380049882865
362;0.2296177027049851
363;0.8723528209512974
364;0.4487059381217205
365;0.4487059381217205
366;0.8254763426714955
375;0.5533918626062028
376;0.5533918626062028
377;0.7985762485007837
378;0.7985762485007837
379;0.5287343678765258
380;0.5287343678765258
381;0.5761058484119606
382;0.7037286042730816
383;0.6573777952357591
384;0.6573777952357591
385;0.4084993189980273
386;0.4084993189980273
389;0.5443661507622595
390;0.5443661507622595
391;0.7958106303474578
392;0.7958106303474578
393;0.6553537276395247
394;0.7572865333007771
395;-0.007177666951922509
396;-0.007177666951922509
397;0.8275007413538332
398;0.7198739945933779
399;0.7198739945933779
400;0.6950844328918525
401;0.6950844328918525
402;0.6681034048284344
403;0.6681034048284344
404;0.4740952525775129
405;0.4740952525775129
406;0.7029978425975059
407;0.7029978425975059
408;0.5250141566042698
409;0.805902614570858
410;0.32127702508278183
411;0.9196058420781663
412;0.8407198746245156
413;0.8407198746245155
415;0.7255003070730967
416;0.7255003070730967
417;0.8433425846361967
418;0.6486001260274693
419;0.6486001260274693
420;0.8500537853870553
421;0.8403118361251332
422;0.40052958918719905
423;0.40052958918719905
424;0.79237227384209
426;0.5661731019804606
427;0.5661731019804606
428;0.5825325820071018
429;0.5303760484432826
430;0.8253074806675496
431;0.7431730779734474
432;0.6712893527056976
433;0.6674237082516048
435;0.5681295326456154
436;0.6300933013428703
438;0.5601788185519436
439;0.580924888213726
440;0.580924888213726
441;0.6298684017089571
442;0.6298684017089571
443;0.5785136186855652
444;0.5785136186855652
445;0.7379722805200706
446;0.7379722805200706
447;0.5581926594375411
448;0.5581926594375411
449;0.40245657273299135
450;0.40245657273299135
453;0.687486444993265
454;0.687486444993265
457;0.5109050643741893
458;0.9009223154418698
459;0.8431213800354043
460;0.766713922658787
461;0.9031599445220446
462;0.8564489122325682
463;0.6791056827812256
464;0.7941583111677276
465;0.4868645422146319
466;0.4868645422146319
467;0.6288590194443711
468;0.6288590194443711
471;0.4777986038422099
472;0.4777986038422099
473;0.6330667212108175
474;0.6330667212108175
476;0.47334063107690283
477;0.6633872025438728
478;0.6633872025438728
479;0.01402815257090315
480;0.01402815257090315
481;0.7282737633907218
482;0.7282737633907218
485;0.6647636539692684
486;0.6647636539692684
487;0.49089504542587026
488;0.49089504542587026
489;0.5518815970089612
490;0.5518815970089612
491;0.5033462706505438
492;0.5033462706505437
493;0.6215484967260989
494;0.8180648999888468
495;0.7979476989552121
496;0.7979476989552121
497;0.621998969242828
498;0.7756388243091015
499;0.6455540036376781
500;0.8049342657273894
501;0.5578975114687055
502;0.7797052473966473
503;0.7018508462911264
504;0.8119516421320084
505;0.6338625190115204
506;0.6182125029057713
508;0.45782452888045294
509;0.6725201959603859
510;0.40671366702024414
511;0.6656675757464778
512;0.5875095656290328
513;0.7887399141160087
514;0.7887399141160087
515;0.6106796808213542
516;0.8121035357667793
517;0.5237998778701785
518;0.5237998778701785
519;0.6394760780031975
520;0.6394760780031975
521;0.5879514779401893
522;0.5879514779401893
523;0.13870046508471737
524;0.13870046508471737
525;0.22566047687216623
526;0.22566047687216623
527;0.5321178892980302
528;0.5321178892980302
529;0.5665489190099304
530;0.6491078553007041
531;0.7112035052157556
532;0.5682940014960435
533;0.35464023636791303
534;0.35464023636791303
537;0.6400862548712286
538;0.6400862548712286
541;0.5842525488399747
542;0.5842525488399747
543;0.6884556735233405
544;0.6884556735233405
545;0.8625263006920773
546;0.8625263006920774
547;0.6667524969586788
548;0.6667524969586788
549;0.5856374900592983
550;0.5094173987413904
551;0.6654506294765741
552;0.6465327384286469
553;0.7527946863375791
554;0.7527946863375791
555;0.7721759899356064
556;0.7721759899356064
557;0.5952579672024146
558;0.5952579672024146
561;0.38266175596386764
562;0.15838813460022677
563;0.6639194096793077
564;0.7871314576602475
565;0.7811962101728805
566;0.5444198588377737
567;0.7974253468666934
569;0.651834998352084
570;0.5131634036318947
571;0.5273711729842238
572;0.5899582841375876
573;0.36756359291460255
574;0.5768176051318695
575;0.611231925510352
576;0.40778723242028775
579;0.5835979148749517
581;0.3861893297989415
582;0.5338981016877211
583;0.29314938756485004
585;0.5973301856599231
586;0.8047735440498531
587;0.6943137239906536
588;0.15169117728225026
589;0.48041447908955826
590;0.48041447908955826
593;0.46211386234589696
594;0.46211386234589696
595;0.7048070370277667
596;0.7048070370277667
597;0.6340143381631921
598;0.6340143381631921
603;0.6880131195657876
604;0.6880131195657876
605;0.7827548713572753
606;0.7827548713572753
607;0.6862586117399455
608;0.7824453321515072
609;0.24640687598998604
610;0.8183334459946741
611;0.5507835434961438
612;0.587396190082137
614;0.477663156034036
616;0.24667020727771705
617;0.526872207112097
618;0.5026395021705827
619;0.5074024323862022
620;0.4959710364927529
621;0.587396190082137
624;0.45351544354679624
626;0.6512000153662701
627;0.6512000153662701
628;0.7283401600906159
629;0.7975168429696334
630;0.10898698351390873
631;0.8374477694921906
632;0.558099669708895
633;0.558099669708895
634;0.49495905005009355
635;0.9397469730922345
636;0.6828388220040416
637;0.6828388220040416
638;0.7101193672461128
639;0.6596548029334492
640;0.6186503493106806
641;0.6186503493106806
642;0.49317505990863647
643;0.49317505990863647
644;0.561037966420991
645;0.561037966420991
646;0.7430503650005207
647;0.7430503650005207
648;0.7543169719578713
649;0.4780289809854523
650;0.7382801412909672
651;0.7382801412909672
652;0.7019646539517828
653;0.6758803064061639
656;0.7848854977541861
657;0.7848854977541861
658;0.3759605298088774
659;0.6909087273843735
660;0.32769084086055295
661;0.8137359738278485
662;0.7945012377542091
663;0.6664410995668401
664;0.6185588519201709
665;0.8605711029605035
666;0.80674160641293
667;0.47292221606491724
668;0.5400543251940505
669;0.6521904977036846
670;0.6719948875891854
672;0.3926890821906647
673;0.6354233943326751
674;0.6174750329500954
675;0.5547025118004408
676;0.6174750329500954
677;0.6777236334138828
678;0.6435905895668853
679;0.5622087294522807
680;0.7371542116043863
681;0.7780560996492587
682;0.8522554138878184
683;0.7257312403381773
684;0.9352185942466182
685;0.7752310425812026
686;0.8573795144182536
687;0.6610992320247006
688;0.7464529302856595
689;0.6593667966336075
690;0.7655687087568644
691;0.7364068057966231
692;0.7180613337854448
693;0.060270880938612326
694;0.7420521332557917
695;0.6758376836520806
696;0.7616915466654992
697;0.3884512427716799
698;0.8098685284206346
699;0.3625172235013232
700;0.7778263616118614
701;0.6462291997877287
702;0.8221006036188387
704;0.704387870508193
705;0.704387870508193
708;0.6357163420271978
709;0.6357163420271978
712;0.849442915715729
713;0.849442915715729
714;0.6244966854754676
715;0.6244966854754676
716;0.7946600888479682
717;0.7946600888479682
720;0.6702565710519701
721;0.7179202082704532
722;0.48747604856780163
723;0.6625943939248338
724;0.7427002891999553
727;0.7963188690116388
728;0.7423230749055175
729;0.65583483239449
730;0.845255500464125
731;0.5364823112289093
734;0.5008959090386544
735;0.5008959090386544
736;0.4834679347378475
737;0.4834679347378475
738;-0.18062491661925614
739;0.6249100085546727
740;0.7014152344867163
741;0.4089824780588185
742;0.5764817598853172
743;0.5447500675647033
744;0.5921360131183864
745;0.5921360131183864
750;0.751055038726416
751;0.751055038726416
752;0.6763970832780091
753;0.6763970832780091
754;0.5582282792451934
755;0.5582282792451934
756;0.5750956617198884
757;0.5750956617198884
759;0.2315746810102885
760;0.3892004996228631
762;0.7312985579154602
763;0.4305346692986849
764;0.7510550387264161
765;0.49607887371810866
766;0.2941444935941006
768;0.4042153560410446
769;0.5465862629644944
771;0.4055902542500088
772;0.6387310784417665
773;0.2995333706805462
774;0.7627530376901841
775;0.5775786572498097
776;0.5017333141625744
778;0.5326025347283004
780;0.8599487280512205
781;0.6953108962793133
782;0.48371097047042205
783;0.48371097047042205
784;0.5822088088765719
785;0.5822088088765719
786;0.4083114686525199
787;0.4083114686525199
788;0.34569871933998486
789;0.34569871933998486
792;0.4311549133438777
793;0.548052049047749
794;0.34363511069113983
795;0.6474536438491083
796;0.7591299623073537
797;0.7591299623073537
800;0.5049196725803672
801;0.5049196725803672
802;0.7248162253608288
803;0.4910234285543277
804;0.4910234285543277
807;0.4213435440385738
808;0.6151684892835909
811;0.773782924327667
813;0.5139049186575196
814;0.5139049186575196
817;0.7765411497020049
818;0.776541149702005
819;0.5463571084945255
820;0.008707582350123082
821;0.1725525980932508
823;0.5275454980908116
824;0.5448869260559913
825;0.28467547429568363
826;0.3625829527895866
827;0.5100912001147762
828;0.4513629821264122
829;0.5219410764683852
830;0.5762859054429617
831;0.46918493229529756
832;0.43228397550689907
833;0.39014913902935167
834;0.39014913902935167
835;0.494104536968086
836;0.494104536968086
837;0.33360287519141724
838;0.33360287519141724
839;0.2994188356290528
840;0.2994188356290528
841;0.577417527286089
842;0.577417527286089
843;0.6309831751656686
844;0.6309831751656686
848;0.40289000203899716
849;0.6990613904984586
850;0.6953211366925443
852;0.6294700689149888
854;0.459255196356274
855;0.4592551963562741
856;0.7507775493893281
858;0.8377766362155644
859;0.590580370699964
860;0.794666333305021
861;0.5876480002480945
862;0.7346967986668452
863;0.6570377977744221
864;0.7808309010766344
865;0.20445150839125084
866;0.7441988064067558
867;0.42120847978467485
868;0.23047239590051205
870;0.8301825136291151
871;0.5923456563915157
872;0.8290634522665649
875;0.017088407033946654
876;0.7878349989976463
877;0.776463716235355
878;0.4618363494759305
879;0.34733898564411275
881;0.6707056917754486
882;0.5638950143675735
883;0.5678734740302567
884;0.674397943703298
885;0.8415898412854957
886;0.8168354692530312
887;0.6030803282531438
888;0.6030803282531438
889;0.5523676708915196
890;0.5523676708915196
891;0.13851303497046527
892;0.8362894746802814
893;0.6554376281552245
894;0.6585632447305649
895;0.5674261020684305
896;0.5674261020684305
897;0.8285299986645345
898;0.7816007718649886
899;0.7082480442400847
901;0.8706638590066194
902;0.5897439043141826
903;0.5897439043141826
904;0.48793265498161187
905;0.48793265498161187
908;0.5978625212626085
909;0.5978625212626085
910;0.610891898227293
911;0.610891898227293
912;0.7642411535859235
913;0.362805494018698
915;0.7080459605993453
916;0.6402171882875219
918;0.46108032732379844
919;0.5592383049998101
921;0.4197403715990239
922;-0.04080676786562848
923;0.6032263596604216
924;0.6226629478419615
926;0.5602244610706005
927;0.6513879184356536
928;0.583714000314358
930;0.4213112690977962
932;0.9051148040006893
933;0.8723547766826457
936;0.5477451980680436
937;0.5477451980680436
940;0.40877904925638325
941;0.40877904925638325
942;0.7597702752039581
943;0.7597702752039581
944;0.5789531131136995
945;0.5789531131136995
946;0.5399237466876272
947;0.6489518381227182
948;0.6131379443778441
949;0.8280351120198963
950;0.49176373627891895
951;0.7715018478531678
952;0.5701942696527539
953;0.6343228159302269
954;0.8834561432502291
955;0.8834561432502291
956;0.5985737991560653
957;0.7448659119713531
958;0.7703377205074721
959;0.7703377205074721
961;0.82270867742175
964;0.7358279915897442
965;0.7798329360798214
966;0.7798329360798214
968;0.44537724316068467
969;0.44537724316068467
970;0.44287661110256277
973;0.803723411137759
974;0.5919872121676811
975;0.19365256174830353
976;0.19365256174830353
977;0.7819810986920689
978;0.7264285381283335
979;0.6945829177292723
980;0.6129857189826343
981;0.542132934193056
982;0.542132934193056
983;0.6050696741210666
984;0.7510619098531289
985;-0.016885428854143323
986;0.601812725009977
987;0.5300272712619877
988;0.547968330848642
990;0.23059255753793523
991;0.5030945152009266
994;0.6356359153266892
995;0.46856218077659345
996;0.46572405497625263
997;0.46572405497625263
998;0.5392520822160964
1000;0.6154110762366836
1001;0.6154110762366836
1002;0.44072356526917894
1003;0.6644674048507128
1008;0.7908993662735007
1009;0.8662913600266793
1010;0.748230150902091
1012;0.5572445959626651
1013;0.5572445959626651
1014;0.5578200710252441
1015;0.5578200710252441
1016;0.7303340687359541
1018;0.7644306917561849
1019;0.7644306917561849
1022;0.5392520822160964
1023;0.2606829263595181
1024;0.5518672207195131
1025;0.7543859153599322
1026;0.7063997156975296
1027;0.6897391719778992
1030;0.312540783970064
1031;0.5245857061261652
1032;0.6191751453596087
1033;0.8242640711717979
1034;0.7506497919684024
1036;0.5411754771525827
1037;0.6752517117427196
1038;0.730627044170507
1039;0.7033491848120822
1040;0.6693712880869661
1041;0.5091385162269234
1044;0.5270894088646578
1045;0.8285888033980634
1046;0.3267618593150711
1048;0.47039298914711886
1049;0.47039298914711886
1050;0.5501347122370052
1051;0.5501347122370052
1052;0.09004663678645997
1053;0.7980733042122097
1054;0.7375228724227635
1055;0.7856480065133443
1056;0.32117486789487615
1057;0.32117486789487615
1058;0.4765285049975635
1059;0.4765285049975635
1061;0.7710606144122798
1062;0.7710606144122799
1063;0.5814358744521486
1064;0.5814358744521486
1065;0.640665773434475
1066;0.640665773434475
1067;0.5344264163466412
1068;0.5344264163466412
1071;0.5497390775412383
1072;0.4314620374734663
1073;0.7853039207260014
1074;0.8239796326673909
1077;0.7995559233058844
1078;0.781108044273604
1079;0.6860990335331681
1080;0.7548920954236816
1081;0.8177257531258783
1082;0.7543147473759182
1083;0.7807655768320508
1084;0.8096467795417267
1085;0.7875846984522974
1086;0.5685506639818094
1087;0.7354614346072342
1088;0.8243238783059988
1089;0.8650325557939778
1090;0.4806361368503705
1093;0.6380958037342485
1094;0.7416046005231901
1096;0.657603626481616
1097;0.6576036264816162
1098;0.8133108448661786
1099;0.7076829359707045
1100;0.8185585487123133
1101;0.768064503291376
1102;0.8312988179935041
1103;0.42960154290226055
1110;0.842633723254809
1111;0.842633723254809
1113;0.8387113871983585
1114;0.8376342014179404
1115;0.8127982763251691
1116;0.4432223019973679
1117;0.4160379611428909
1118;0.5099345317882225
1119;0.8529479862797801
1120;0.438236028476846
1121;0.4432223019973679
1122;0.47380421759043334
1123;0.6120291946427407
1124;0.4673266232824044
1125;0.8871058668817575
1126;0.6216081677020688
1127;0.5397582663803363
1128;0.6926155918816155
1129;0.45995453806834424
1130;0.7657366187469927
1131;0.6450448427640649
1132;0.7575524199075936
1133;0.7323818961903567
1134;0.8132592255793295
1135;0.015399547012224332
1138;0.8027628462671048
1139;0.6261738522837542
1140;0.8264628938666263
1141;0.7786346107268776
1143;0.8717128651399454
1144;0.6024339208663665
1145;0.5427751635672291
1146;0.5427751635672291
1147;0.6188105359121137
1148;0.6188105359121137
1149;0.6374705878790811
1150;0.5229031068976029
1151;0.13920351645866802
1152;0.13920351645866802
1153;0.49569824208473745
1154;0.49569824208473745
1155;0.6034050250404598
1156;0.6034050250404598
1159;0.6476762572290624
1160;0.6398507023064212
1162;0.7766098307728129
1163;0.6344627805162115
1164;0.6450448427640649
1165;0.3707918279572857
1166;0.49173330274123256
1168;0.4792295785599421
1169;0.5237908702712186
1170;0.3707918279572857
1171;0.7657253069791137
1172;0.6335379814821466
1173;0.9043768545537355
1175;0.8105470752624063
1177;0.8639083511951533
1178;0.8639083511951533
1179;0.7644414012428813
1180;0.7644414012428813
1181;0.645554993251251
1182;0.6809893815772294
1183;0.8477150396251495
1184;0.8202910305252326
1185;0.8420566774465502
1186;0.8420566774465502
1187;0.8278196604098171
1188;0.8278196604098171
1191;0.5041112134560061
1192;0.6988497743145812
1193;0.41545835194742736
1194;0.5254196784377658
1195;0.41759300571491276
1198;0.6981291472250781
1199;0.8483280906340541
1201;0.45674866182424356
1202;0.626611152132714
1203;0.8719154679394588
1204;0.8554668520954559
1205;0.8415153223142584
1206;0.7240541189678307
1207;0.8141547455156831
1208;0.11242854576601898
1209;0.5745209359290292
1210;0.3322435844292507
1211;0.9061662493203131
1212;0.7317236928254309
1213;0.633012072049127
1214;0.5436810655597408
1215;0.6238975318738085
1216;0.8843650913641056
1217;0.5861939779213763
1218;0.37127006930132017
1219;0.3424431240678159
1220;0.4013133532154002
1222;0.43998484006426436
1226;0.5474318728502338
1227;0.5474318728502338
1228;0.6424205256675584
1229;0.6424205256675584
1230;0.64445288435035
1231;0.6612792231699759
1232;0.7026637642014694
1233;0.6204559741332063
1234;0.5713016850184023
1235;0.5713016850184023
1238;0.7195954737340898
1239;0.7195954737340898
1240;0.5000885132651304
1241;0.761430527321322
1243;0.1587208572899558
1244;0.628414976749679
1245;-0.31701385587416153
1246;0.5137335739923563
1247;0.7821669126974604
1248;0.6067648425876087
1249;0.6067648425876087
1250;0.8457459426526225
1251;0.8457459426526225
1252;0.690268123059063
1253;0.690268123059063
1254;0.6290817898483411
1255;0.42218688194084714
1256;0.6096638216879827
1257;0.7887928802881645
1258;0.6500745005188487
1259;0.4166190596639893
1260;0.4166190596639893
1263;0.5175744863271164
1264;0.5175744863271164
1267;0.7053694642027486
1268;0.332423070892309
1269;0.332423070892309
1270;0.6136439767763924
1271;0.6136439767763924
1272;0.6311889437480837
1273;0.45370752543877785
1276;0.4133689266582791
1277;0.4133689266582791
1280;0.19366085995787888
1281;0.7116374246664963
1282;0.7116374246664962
1283;0.838976471716024
1284;0.5066367531586321
1290;0.49361983555330574
1291;0.49361983555330574
1292;0.485690242760153
1293;0.485690242760153
1297;0.6593637278004003
1298;0.6593637278004003
1301;0.5781448290635183
1302;0.5781448290635183
1305;0.5388065879228585
1307;0.4166190596639893
1308;0.34309870271696996
1309;0.21079527419793212
1310;0.605629926905594
1311;0.34470765854826085
1312;0.4482828999535326
1313;0.610632227595936
1314;0.5499233631391063
1316;0.5157045154641191
1317;0.54034776234101
1318;0.54034776234101
1319;0.6644513649930098
1320;-0.05330745705948921
1321;0.6054747293300411
1322;0.060609899190646625
1323;0.47941091540512587
1324;0.47941091540512587
1325;0.7999863880628181
1326;0.7999863880628181
1327;0.6310277324550462
1328;0.6310277324550462
1333;0.8067791392951373
1334;0.7718787839376337
1335;0.5813621775157349
1336;0.32083183394775694
1337;0.4072237632948454
1338;0.26523140639421233
1339;0.5689636865031542
1340;0.6574098738487116
1341;0.5063234095397743
1343;0.644879544917264
1344;0.601105611747575
1346;0.53588447185661
1347;0.5259027572817531
1348;0.5673591999034351
1351;0.7897909572961933
1352;0.502591672423198
1353;0.7307002318836228
1355;0.7402747283616405
1356;0.6119655131729869
1357;0.8422362060779838
1358;0.8100028865365798
1359;0.7474330651385617
1360;0.5686964475955086
1363;0.7767266875840502
1364;0.6782450416396448
1365;0.5695211909252156
1366;0.5695558738247515
1367;0.8347296412594802
1368;0.5338815336140786
1369;0.7937447950517191
1370;0.7214461501433486
1371;0.8165283401546044
1372;0.5786115415823583
1373;0.6960787119634096
1374;0.7848487727116814
1377;0.5746206305457762
1378;0.8748237363940061
1379;0.8359026571950344
1380;0.8359026571950343
1381;0.8571272428079543
1382;0.857127242807954
1384;0.5655590388725446
1385;0.5655590388725446
1390;0.6263766730946804
1391;0.33382275042232545
1392;0.8100028865365798
1393;0.8100028865365798
1395;0.7689117779649479
1396;0.7101284532687857
1397;0.7726311265791355
1398;0.44691070895592677
1399;0.44691070895592677
1402;0.2774876351896974
1403;0.7792292013820844
1404;0.88300196937825
1405;0.5632066996789249
1406;0.7653877010846366
1407;0.44974041571833323
1408;0.5741127986410071
1409;0.4947201837560222
1410;0.41599203761501746
1411;0.6555226238565139
1412;0.49412314183538586
1413;0.6240613611912802
1416;0.652114513711816
1417;0.652114513711816
1420;0.44291577808907145
1421;0.44291577808907145
1422;0.6921905464963299
1423;0.6921905464963299
1424;0.46036713733630724
1425;0.46036713733630724
1426;0.7380367382103207
1427;0.6065528712400465
1428;0.6939345650413531
1429;0.770007366914835
1430;0.6175188302863623
1431;0.3323513275224809
1433;0.564249906032059
1435;0.6444170325840404
1436;0.39211777316936675
1437;0.7316495038142891
1438;0.6338414399001601
1439;0.8537767466661363
1440;0.7272016250432373
1441;0.8676518640455324
1442;0.69219054649633
1444;0.7574993059019426
1446;0.8421919790971729
1447;0.6980765851692701
1448;0.6576939439191308
1450;0.6292789802095409
1451;0.5219778869403817
1452;0.6607942770756347
1453;0.5918926876988093
1454;0.580740775552556
1455;0.6388716233104876
1456;0.6259094373806938
1457;0.6261470584549977
1459;0.409188816431513
1460;0.409188816431513
1463;0.602804539930673
1464;0.602804539930673
1465;0.7932412063937473
1466;0.7932412063937473
1467;0.22748714997425387
1468;0.22748714997425387
1469;0.4936732256582713
1470;0.4936732256582713
1471;0.714086736291361
1472;0.714086736291361
1473;0.5234031510344839
1474;0.5234031510344839
1475;0.4017685192342664
1476;0.4017685192342664
1477;0.4271277354744751
1480;0.3842866825932313
1481;0.2156871438414924
1482;0.22163920179579677
1483;0.538652018540629
1484;0.627580787315176
1485;0.43755404590191826
1486;0.6718064397083391
1487;0.5742331446578758
1488;0.2812896713090254
1489;0.3967182665092453
1490;0.3770730106952112
1491;0.7461243266325875
1492;0.31609755318480187
1493;0.5646228548001442
1494;0.5247821570072644
1495;0.18086444861886328
1496;0.18086444861886328
1497;0.1900344300103174
1498;0.1900344300103174
1500;0.6865261198706102
1501;0.6865261198706102
1502;0.5775066201099859
1503;0.5775066201099859
1508;0.2260565485961563
1509;0.14588682798124886
1510;0.7022998421616975
1511;0.7022998421616975
1512;0.22295178077114414
1513;0.41494974362781406
1514;0.0717975414079508
1515;0.16982466876360872
1516;0.1833466618791374
1518;0.48833230924064625
1519;0.600012529016821
1520;0.5287531852773789
1521;0.7350830143155117
1522;0.6000749966596244
1523;0.5819857406490849
1524;0.7179449902816768
1525;0.5287531852773789
1526;0.891861781487888
1527;0.3641072668275937
1528;0.2478973258992956
1529;0.0726169521254551
1530;0.0726169521254551
1531;0.8010706290507719
1532;0.7023423998838279
1533;0.42418516222097097
1534;0.8615738417672782
1535;0.7338758969506591
1536;0.7338758969506591
1537;0.3991646177797312
1538;0.7037243843537525
1539;0.6630985067238458
1540;0.6219707180765759
1541;0.6219707180765759
1542;0.6540190674199804
1543;0.9035795889884465
1544;0.6763284843670956
1545;0.4498419271956998
1546;0.5899636412122606
1547;0.38999473018345937
1548;0.41532416974153186
1549;0.5183781416492232
1550;0.44154715313601667
1551;0.5728441686940376
1552;0.36738691837273585
1553;0.6179446453342374
1554;0.46181481259263457
1556;0.6478050263611724
1557;0.6067649606934625
1558;0.6508995694798165
1559;0.7685137148092062
1560;0.6213867426879266
1561;0.6267886186331891
1562;0.5300723333771238
1563;0.47994430177342345
1564;0.4521837728983573
1565;0.49866197881057905
1566;0.34768509709738754
1567;0.6217178426745672
1570;0.5361673628594388
1571;0.4482708626112432
1572;0.7428706300582161
1573;0.31273888445507914
1574;0.5702612651482523
1575;0.6960041456554976
1576;0.5165084011286081
1577;-0.0010292581179048937
1578;0.264021609890689
1579;0.6652601744726043
1580;0.2093469158100804
1581;0.7686241661893868
1582;0.6526946901519285
1583;0.4741561936571767
1584;0.4741561936571767
1585;0.8776991670783696
1587;0.6579922076578305
1588;0.6579922076578305
1589;0.6568849789326113
1590;0.7714084950783698
1591;0.6791958769495259
1592;0.6791958769495259
1593;0.8244272776492115
1594;-0.11973141133165534
1595;0.6515939977170909
1596;0.6515939977170909
1597;-0.017426225199669795
1598;0.425653549577663
1599;0.425653549577663
1604;0.9113672571272627
1605;0.8190570704203339
1606;0.1513248377101716
1607;0.827507262483567
1608;0.5333381007802234
1613;0.5601246387751703
1614;0.5601246387751703
1615;0.4810928244906754
1616;0.4810928244906754
1617;0.3772616677468201
1618;0.3772616677468201
1619;0.4205136341818526
1620;0.4205136341818526
1621;0.17233451741712963
1622;0.265295748377779
1623;0.3037620274964963
1624;0.3037620274964963
1625;0.29030182311557423
1626;0.6456590966104023
1627;0.6456590966104023
1628;0.5060425425601532
1629;0.5060425425601532
1641;0.8673582457859079
1642;0.057840081760020236
1643;0.678404627376616
1644;0.5179022586217856
1651;0.18368913640067047
1653;0.5338247715765785
1654;0.49607054604005985
1655;0.40510776929966497
1656;0.4011033352939687
1657;0.4298831629317433
1658;0.6234967872311413
1660;0.5963903580520941
1661;0.49607054604005985
1662;0.4790187002273383
1663;0.5290081160086182
1664;0.6454391242460041
1667;0.5924304934652068
1668;0.6621542910919281
1669;0.6074144629850636
1670;0.7691538456243244
1671;0.4831581878491723
1672;0.4831581878491723
1675;0.7056382778793515
1676;0.7056382778793515
1677;0.6317100441232976
1678;0.7682287656895123
1679;0.571532461583141
1681;0.8181412809979349
1682;0.8033776906815736
1683;0.029751337434018782
1684;0.6149147090167493
1685;0.6149147090167493
1686;0.4633933335712748
1687;0.4633933335712748
1690;0.823569718549107
1691;0.6660733401955168
1693;0.4789808222245923
1694;0.749881250463237
1695;0.7014635755806929
1697;0.7578222173006981
1698;0.9151053625438952
1700;0.807793519186322
1701;0.39549977239160294
1702;0.5314012266385602
1703;0.5314012266385602
1704;0.4367961799287804
1705;0.4367961799287804
1708;0.6163395810173947
1709;0.6163395810173947
1710;0.5755388836556302
1711;0.5755388836556302
1712;0.4789808222245923
1713;0.4789808222245923
1714;0.7161988655897505
1715;0.24704479685732023
1716;0.24704479685732023
1717;0.6125863322060474
1718;0.4495784234239751
1719;0.39516749560241055
1720;0.29068350666316384
1721;0.3655294038812978
1723;0.43826311354365965
1724;0.7324873346123528
1725;0.47314121542735965
1727;0.8759494905991858
1728;0.6350994586681822
1730;0.6135105864540585
1731;0.5615557779577974
1732;0.5933976264989055
1733;0.6346172469814791
1734;0.6264805005596358
1735;0.8816226864425031
1737;0.547301632918728
1738;0.6186300585447579
1739;0.648304798551074
1740;0.5263550728899449
1741;0.9008037588763375
1742;0.6887361466660651
1743;0.8127929357546203
1744;0.6030798200348354
1745;0.7434909873872311
1746;0.7143558750519204
1749;0.8531773852783572
1750;0.5273971986226319
1753;0.8458320538348663
1754;0.6079833416733071
1755;0.8212595837172942
1756;0.591493873874985
1757;0.591493873874985
1760;0.4767280862858708
1761;0.4767280862858708
1762;0.8485169088616079
1763;0.706900687042632
1764;0.6485006163017587
1765;0.6485006163017587
1766;0.7723192937819401
1767;0.6705765135042512
1768;-0.007480514325082987
1769;-0.007480514325082987
1770;0.7087641438569174
1771;0.6198801772367003
1773;0.8355011160927788
1774;0.6141043170691356
1775;0.6098361519658856
1777;0.6046325476699781
1778;0.5708715849827736
1779;0.5931273749640688
1780;0.5362704824066115
1781;0.5828072952926246
1783;0.09925986229248533
1784;0.6403320123258608
1786;0.7007195635846563
1789;0.6055550200061474
1790;0.6120146979639833
1793;0.5152069825889136
1794;0.5048563056895456
1795;0.6654274025178506
1796;0.5505779873878177
1797;0.5505779873878177
1798;0.7329871691303991
1799;0.7329871691303991
1800;0.4048016591365462
1801;0.4048016591365462
1802;0.5921064662876608
1803;0.810127875263299
1804;0.7569715275027693
1805;0.7569715275027694
1806;0.40267114557397277
1807;0.3647760201450639
1808;0.4948609616298368
1809;0.4948609616298368
1810;0.48547319082225066
1811;0.48547319082225066
1812;0.5462495692302547
1813;0.377378330309544
1814;0.377378330309544
1815;0.5627650747243842
1816;0.5627650747243842
1817;0.26788275783165
1818;0.26788275783165
1819;0.39469637530373086
1820;0.6160704477727128
1821;0.5016424431902214
1822;0.5016424431902214
1823;0.4005499990605311
1824;0.4005499990605311
1830;0.7051045368487437
1831;0.04466120601148884
1832;0.4546054414550914
1835;0.4285799361991276
1837;0.4810386960231421
1838;0.5421253680955674
1839;0.47503799998255447
1840;0.5400905907419283
1841;0.4198778079770238
1842;0.6200161401473469
1843;0.29034079136388286
1844;0.6368613290290491
1845;0.7973894913482813
1846;0.43569675091914695
1848;0.7973894913482813
1849;0.7139750748085261
1850;0.5347399337850574
1851;0.8273863734873179
1852;0.5528006687989511
1853;0.6988699340604683
1856;0.8066147077606185
1859;0.6849941688217259
1860;0.7266961539439153
1861;0.7557918622467598
1862;0.7557918622467598
1863;0.41655819377535547
1864;0.7866634526287859
1865;0.8528294520713784
1866;0.5022714117032656
1867;0.7538828332510443
1868;-0.1730019656996453
1869;0.39159399206078965
1870;0.5207535701805005
1871;0.5207535701805005
1875;0.8476630945174151
1876;0.7502770805172414
1877;0.6844402932792183
1878;0.6915620159688005
1879;0.4842032138741964
1880;0.7181937769722899
1881;0.7716680242315379
1882;0.6838084560692658
1884;0.8417897537659434
1885;0.41755365840042363
1886;0.7489825173441876
1888;0.7727080670890957
1889;0.7331256370082784
1890;0.7594743875216775
1891;0.7030593665589535
1892;0.7448999781000066
1893;0.8210465758168156
1894;0.6727687255382633
1895;0.5007550849439
1896;0.5007550849439
1897;0.6035982199942003
1898;0.6035982199942003
1900;0.7975530448051236
1901;0.5467679300452224
1904;0.8319227678555656
1905;0.5638945934492198
1906;0.8112063302684284
1907;0.7065866971300131
1908;0.6681361436865768
1909;0.6032684662132354
1912;0.6297713339501932
1913;0.6039594539944825
1914;0.3912561598067419
1915;0.5558322866712561
1916;0.43913814413868774
1917;0.43913814413868774
1918;0.5564333614086686
1919;0.5564333614086686
1926;0.7552793670331288
1927;0.7552793670331288
1928;-0.14995198442345492
1929;0.4338686024584503
1930;0.4338686024584503
1931;0.42288554632119896
1932;0.42288554632119896
1935;0.3571430754962893
1936;0.3571430754962893
1937;0.48102888072733413
1938;0.48102888072733413
1939;0.790566657007534
1940;0.790566657007534
1943;0.2075289105115075
1944;0.2075289105115075
1945;0.55684706799332
1946;-0.34333171120436845
1947;-0.34333171120436845
1948;0.7310388078432685
1949;0.21053940317590947
1950;0.2568583519112165
1951;0.28401088569260785
1952;0.031047706108448057
1954;0.18249935316579963
1955;0.5454137527514589
1956;0.606468250565674
1957;-0.0367009792864059
1958;0.6973272202275418
1959;0.4895460644340303
1960;0.4877748948760337
1962;0.6209729658346288
1966;0.4866893642595555
1967;0.299916940101719
1968;0.7074327530093292
1969;0.6849194252945404
1971;0.4931797159253407
1972;0.5162675921989788
1973;0.36696010978052657
1974;0.36696010978052657
1977;0.5095442851867924
1978;0.5095442851867924
1979;0.21466302135911247
1980;0.21466302135911247
1981;0.37148299617508396
1982;0.37148299617508396
1983;0.6226650013956535
1984;0.6226650013956535
1985;0.31429496461837003
1986;-0.07061140389917511
1987;-0.07061140389917511
1988;0.3573435673283406
1989;0.3573435673283406
1990;0.5685440331226165
1991;0.589308049689246
1992;0.5691170124675273
1994;0.3491020427037704
1995;0.7054835033020411
1996;0.6280297672652508
1997;0.37803219256468124
1998;0.5562053869995074
1999;0.5568459665195812
2000;0.5568459665195812
2001;0.6807861210581105
2002;0.6807861210581105
2003;0.35861333604999246
2004;0.35861333604999246
2007;0.6275643203603313
2008;0.6275643203603313
2009;0.8251798304671881
2011;-0.06638501035662353
2012;-0.06638501035662353
2013;0.6601564292003114
2014;0.6601564292003114
2015;0.4810769921479935
2016;0.39169497181082175
2017;0.660287317158007
2018;0.6152505527063489
2019;0.6152505527063489
2020;0.44805041285915903
2021;0.44805041285915903
2022;0.528679521283864
2023;0.528679521283864
2024;0.19365256174830353
2025;0.19365256174830353
2026;0.6945825583997245
2027;0.6623333692130847
2030;0.6833159133224702
2031;0.6833159133224702
2034;0.5375707211045501
2035;0.5375707211045501
2036;0.5616552135459747
2037;0.5616552135459747
2040;0.5856344780025455
2041;0.5856344780025455
2042;0.715152796563655
2043;0.7728093398710425
2044;0.6006930557674954
2045;0.063115242266438
2046;0.8155765214492845
2047;0.8155765214492845
2048;0.8332490626363366
2049;0.8332490626363366
2051;0.777478087181081
2052;0.54999580592155
2053;0.500704588000632
2054;0.504296489491734
2055;0.7215269893749211
2057;0.5769013592854099
2058;0.5964858634953103
2059;0.7042289754314071
2060;0.5688657684933637
2061;0.5688657684933637
2062;0.44795353325419945
2063;0.44795353325419945
2064;0.6058284754045549
2065;0.6058284754045549
2066;-0.20943413717276033
2067;-0.20943413717276033
2068;0.7889517594800235
2069;0.7889517594800235
2070;0.028626270096196824
2071;0.028626270096196824
2072;0.48835642824551606
2073;0.48835642824551606
2074;0.6440322435580492
2076;0.5691768422332358
2077;0.5691768422332358
2078;0.5500794091695924
2079;0.4384526086428701
2080;0.726670066446808
2081;0.6338899999593318
2082;0.7738373715375413
2083;0.7738373715375413
2084;0.7764050193582147
2085;-0.22350114065462878
2086;0.8035531076196556
2087;0.926902384441239
2088;0.8429856299252075
2089;0.5486042519840778
2090;0.6064139697322429
2091;0.48385187573117905
2092;0.7829894496055875
2093;0.8476898644433318
2094;0.8976378581975574
2095;0.8976378581975574
2098;0.6832446481893878
2099;0.5378185255456278
2100;0.7724928474173288
2102;0.7957189387148905
2103;0.7893700969727595
2104;0.8084667962944272
2105;0.7095485898684827
2106;0.8447840341813004
2107;0.8182812104751985
2108;0.8959336804218135
2109;0.6866337141203428
2110;0.8072767706276965
2111;0.8072767706276968
2114;0.5192781920225256
2116;0.8163166483432464
2117;0.7953331661228243
2118;0.7496684668760505
2120;0.6851685647943374
2122;0.7390636277138146
2123;0.8207189496808709
2124;0.7388973940629088
2125;0.6636404049854666
2126;0.49596823735344353
2127;0.7731398761715675
2128;0.7731398761715675
2129;0.6281867250081072
2131;0.7816131298980653
2132;0.7816131298980653
2133;0.7690625168823036
2134;0.5419107945371605
2135;0.8510061938354307
2136;0.4475570368047221
2137;0.6524650169720806
2138;0.5511654266845569
2139;0.3409069615960306
2140;0.3409069615960306
2141;0.6128824178310307
2142;0.6128824178310307
2143;0.5573142334049898
2144;0.6509621116076815
2145;0.6509621116076815
2146;0.5644979988184319
2147;0.5644979988184319
2150;0.702987415230128
2151;0.702987415230128
2154;0.699511232525856
2155;0.699511232525856
2158;0.33530592842329704
2159;0.33530592842329704
2162;0.861775695107099
2163;0.05280255339732477
2164;0.6760749508412133
2165;0.47544263461881897
2166;0.7043864553807186
2167;0.7153789230611005
2168;0.7261564308772209
2169;0.6319656367949226
2172;0.54654500237266
2173;0.31043648168592336
2175;0.2311461871237996
2177;0.5507638028122465
2178;0.5086581694729208
2180;0.5696953192113148
2181;0.7708262728246145
2183;0.6910411866349349
2184;0.42330079135490567
2185;0.7889311888905667
2186;0.5430318619056725
2187;0.5989054961013718
2188;0.38472838397327436
2189;0.5705114324285712
2190;0.17204874562556283
2191;0.7961491216665517
2192;0.7881777022214747
2193;0.728205176242541
2194;0.6145706684230807
2197;0.8028769636963492
2198;0.635864923059092
2200;0.5856066729695463
2201;0.6092263277643345
2202;0.8120054294683514
2203;0.5779951630276092
2204;0.823556946177046
2205;0.44508198658264875
2206;0.44508198658264875
2207;0.3366651817452147
2208;0.6921724003141995
2209;0.06099350892835442
2210;0.6720786675352378
2212;0.6993721996849007
2213;0.7054805438191607
2215;0.703095835059416
2216;0.783911551843856
2218;0.3908180451283603
2219;0.7777549603872379
2220;0.7891581782192378
2222;0.4356243403367124
2223;0.7613363250848728
2224;0.16273921972739389
2225;0.3362698702132544
2226;0.8627178207883058
2227;0.5499515737398301
2228;0.8292507350438604
2229;0.5443449467796939
2231;0.17929330776083108
2232;0.8621918124615671
2233;0.6432906239348913
2234;0.8544066844520722
2235;0.2854303157487515
2237;0.5774560544343953
2238;0.87074691537394
2239;-0.11379486312992505
2241;0.533280560585966
2242;0.7749788067536988
2243;0.18326835316595452
2244;0.18326835316595452
2247;0.46036722787638434
2248;0.46036722787638434
2249;0.7464735893933695
2250;0.7464735893933695
2251;0.26642552247019563
2252;0.26642552247019563
2253;0.47118941107998463
2254;0.5986749972333558
2255;0.7771591979353003
2256;0.7771591979353003
2257;0.18086444861886328
2258;0.18086444861886328
2259;0.5213407360887407
2260;0.5213407360887407
2261;0.43898371073378506
2262;0.43898371073378506
2263;0.545617871144375
2264;0.545617871144375
2265;0.5278274532486225
2266;0.5278274532486225
2267;0.7257338702115457
2268;0.6454763205184813
2269;0.3401360567799567
2270;0.3401360567799567
2271;0.6436472232584705
2272;0.34188638521740355
2274;0.6840456626682284
2275;0.8439512378200905
2276;0.5682638820474916
2277;0.6866158755362437
2278;0.7592259477824631
2279;0.6921427357651653
2280;0.8335058347676686
2282;0.7473360470752755
2283;0.7350731298446312
2284;0.756180493828567
2285;0.7540016299518753
2287;0.48318462195891865
2289;0.8032254814020637
2290;0.6420050749808982
2294;0.5473424615057344
2295;0.4424584922213153
2296;0.4645611961585513
2297;0.7266893260736467
2299;0.5592751441347529
2300;0.6097401253374015
2301;0.8457251878796151
2302;0.8004089268966909
2303;0.5786721203506655
2304;0.5918428712600486
2305;0.5330925376059416
2306;0.8560895646793186
2307;0.6061287298534529
2308;0.6263765443939908
2309;0.7899355968773261
2310;0.7920176657350049
2311;0.5777584969564769
2312;0.5777584969564769
2313;0.6302449373807502
2314;0.6302449373807502
2315;0.5195680988851399
2316;0.5195680988851399
2317;0.212539045358847
2318;0.212539045358847
2319;0.420248559047065
2320;0.420248559047065
2321;0.5654353881572868
2322;0.5654353881572868
2323;0.40646878972604833
2326;0.8493730876169272
2327;0.5090494754820136
2328;0.8148817222953575
2329;0.4987072485664796
2330;0.7650263083385345
2331;0.33585477047511464
2332;0.8416080989247777
2333;0.807944950296406
2334;0.8066226047099951
2335;0.8066226047099951
2336;0.644206926339583
2337;0.3182662357972555
2338;0.8373444879820989
2339;0.8373444879820989
2340;0.9010950711584955
2341;0.6383043407511637
2342;0.8182593823266627
2343;0.5626882077341087
2344;0.7803596624711653
2345;0.7021881527118049
2346;0.7769010383957893
2347;0.7522991351450977
2348;0.8686572363992141
2349;0.8316028798283907
2350;0.8054046488215337
2351;0.8654860709193125
2352;0.8169436185429974
2355;0.4435176956196346
2356;0.6238452358240894
2357;0.628947939848068
2358;0.8592139609277171
2359;0.6774993541399877
2360;0.8079723801641094
2361;0.3004265001019901
2362;0.800726809714774
2363;0.7458554678643191
2364;0.24110638142614754
2365;0.448752443585566
2368;0.6479983231036219
2369;0.7707917793316926
2370;0.4713999524706839
2372;0.874934912975523
2373;0.03488941447283722
2374;0.7837368533805606
2375;0.5545367499314554
2376;0.4979619515253955
2377;0.6277067868033175
2378;0.847900334265405
2379;0.8271175287753675
2380;0.8205666107561269
2381;0.8370148403073245
2382;0.7178822435083974
2383;0.7118585925987907
2384;0.7915600378331755
2385;0.7216316201111281
2386;0.8474539569347171
2400;0.7886092007999951
2401;0.7886092007999951
2404;0.47526096269197127
2408;0.7695399481894295
2409;0.3905141215316527
2412;0.5108534080353045
2413;0.5338247715765785
2415;0.5298045928668521
2416;0.5298045928668521
2417;0.5643710770087105
2418;0.5643710770087105
2421;0.5462839499218473
2422;0.5462839499218473
2423;0.8987499267088784
2424;0.6850096332525878
2427;0.6867256493412475
2428;0.6867256493412475
2429;0.8478783237228996
2432;0.8114480360392317
2433;0.8114480360392314
2434;0.8802531468255683
2435;0.8802531468255683
2436;0.8774104564831604
2437;0.8774104564831604
2438;0.7984655122330228
2442;0.8746787050210831
2447;0.7868408380228502
2448;0.860544411937483
2449;0.5580695684351183
2450;0.7038263335378321
2452;0.8516817408433285
2453;0.7106996429084707
2454;0.8908493963946783
2455;0.8908493963946783
2456;0.79500975865439
2457;0.45579822086672717
2458;0.8007881544978392
2459;0.4596879444153927
2460;0.8333378936394041
2461;0.7305532740559046
2462;0.8456198731420871
2463;0.5785820885959259
2464;0.8235436907091949
2465;0.7815296131139672
2467;0.6308187601701375
2469;0.4957732506846358
2470;0.5061614752694514
2471;0.5572828092559547
2472;0.6340477504111035
2473;0.848395936898108
2474;0.5372442704736483
2475;0.7572052367309653
2476;0.8273018832804064
2477;0.5317733526307314
2478;0.5317733526307314
2479;0.6395240514912724
2480;0.6395240514912724
2483;0.734262367296122
2484;0.734262367296122
2485;0.5279465275488877
2486;0.8645317566539938
2488;-0.17556040813489548
2489;0.8297167190118584
2490;0.7202161661307105
2492;0.5500920790354915
2493;0.5500920790354915
2494;0.5317733526307314
2495;0.5317733526307314
2496;0.6095748290234754
2497;0.6095748290234754
2500;-0.05805080305445962
2501;-0.05805080305445962
2502;0.1435329378114223
2503;0.1435329378114223
2504;0.8197821980487745
2505;0.6621621639569125
2514;0.676321367023226
2515;0.8491876364018071
2516;0.5983293534079782
2517;0.7461674687558854
2519;0.7433397550089069
2520;0.4299444274525102
2521;0.7945760162730608
2522;0.45783604735041195
2523;0.8048899380378213
2524;0.7826074161658546
2525;0.8055700902736542
2526;0.4811618033513165
2527;0.7351898570277517
2530;0.7021835320887477
2531;0.7021835320887477
2535;0.8336366055777517
2536;0.571756056111553
2537;0.836219595818839
2538;0.5365745490993343
2539;0.8223897928438192
2541;0.8249405690106494
2542;0.5572836976845822
2543;0.8103295383961758
2544;0.5344736959457981
2545;0.8316030538782201
2546;0.21884019073474897
2547;0.9205737342868979
2548;0.7389873964555183
2549;0.8395788160460343
2552;0.6847407945664885
2553;0.8486666990599788
2554;0.6444180809836269
2555;0.1153758668989062
2556;0.7497712242465724
2558;0.8520292815214217
2559;0.8894263649409542
2560;0.4417997371362645
2561;0.4417997371362645
2562;0.4032739728609118
2563;0.8460506420213085
2565;0.7061434905800328
2566;0.8036196363758302
2567;0.808991724377969
2570;0.5426965096474344
2571;0.5426965096474344
2572;0.5841932960239024
2573;0.5841932960239024
2574;0.5896782901165736
2575;0.5896782901165736
2576;0.5159547391374006
2577;0.5159547391374006
2578;0.02687631475734222
2579;0.8156929461147053
2580;0.8156929461147053
2581;0.5008583900339301
2582;0.5008583900339301
2583;0.6852088736799198
2584;0.6852088736799198
2585;0.7860556245814537
2586;0.7860556245814537
2587;0.5576082525152798
2588;0.5576082525152798
2591;0.510353000117613
2592;0.510353000117613
2593;0.7407804712600606
2594;-0.05513499348487167
2595;0.8259312278962181
2596;0.8259312278962181
2597;0.5691039812768435
2598;0.5691039812768435
2599;0.39109559163048935
2600;0.7588386329082307
2603;0.5948359931655927
2604;0.5948359931655927
2605;0.3395798134750501
2606;0.3395798134750501
2607;0.3691871097254887
2608;0.3691871097254887
2609;0.39017104201222935
2610;0.39017104201222935
2611;0.5868742844828425
2612;0.6484574181460317
2613;0.4451217908386553
2614;0.4451217908386553
2615;0.6466574883841972
2616;0.6466574883841972
2617;0.3926329818699298
2618;0.7169347111469241
2619;0.7169347111469241
2620;0.6973994299079911
2621;0.49684762188596016
2623;0.7173280998132991
2626;0.4987959319345738
2627;0.6447855991509988
2628;0.5536365230359398
2629;0.7001128448234936
2630;0.0727843870454874
2631;0.7764981095416139
2632;0.686947239607586
2633;0.7562989181510591
2634;0.7207834099335093
2635;0.7207834099335093
2636;0.5803166679958137
2637;0.868766625201912
2639;0.6988637547888248
2640;0.6155621656658888
2641;0.6155621656658888
2642;0.6084845601204275
2643;0.6084845601204275
2644;0.6837226681931065
2645;0.6837226681931065
2646;0.6305600135960644
2647;0.6305600135960644
2648;0.09919153534830417
2649;0.09919153534830417
2650;0.6368093199712948
2651;0.6368093199712948
2652;0.518456473763116
2653;0.518456473763116
2656;0.6205121145376543
2658;0.2321733216556313
2660;0.44635967462258624
2661;0.3588659291313648
2662;0.3588659291313648
2663;0.27288692016320487
2664;0.27288692016320487
2665;0.15838813460022677
2666;0.15838813460022677
2667;-0.02343505000438511
2668;0.6416211886074097
2669;0.2002454680186153
2671;0.6134998468045769
2672;0.6134998468045769
2675;0.7830167160075244
2676;0.7830167160075244
2677;0.7300315712322433
2678;0.7300315712322434
2679;0.7303718220432299
2680;0.73037182204323
2683;0.8108704489516433
2684;0.8108704489516431
2685;0.5215069975189383
2686;0.5215069975189383
2687;0.6921601587195286
2688;0.8639334597219227
2689;0.7780751134044832
2690;0.8141527718970962
2691;0.7627577725426901
2692;0.7771036722180731
2693;0.35245575200099016
2694;0.35245575200099016
2695;0.5971298325705825
2696;0.5497361609932062
2697;0.5497361609932062
2700;0.3280557922373119
2701;0.3280557922373119
2702;0.6564250690050143
2703;0.6564250690050143
2704;0.4036322854284231
2705;0.4036322854284231
2706;0.7528463784157318
2707;0.6569606406610262
2708;0.4291316687745964
2709;0.4291316687745964
2710;0.8378230362726953
2711;0.7433401166016451
2712;0.8502170733908279
2713;0.6577043294489505
2714;0.756068664740727
2715;0.8164969715278371
2716;0.7790446393789567
2717;0.8391692739928478
2718;0.3493707284881308
2719;0.6276742512315908
2720;0.5588136183042804
2721;0.7855812066567073
2722;0.47127971878730746
2723;0.8303414682447279
2724;0.6691463787120857
2725;0.8589621005254542
2729;0.84079840445216
2730;0.8837731359487024
2731;0.6719821209366679
2732;0.8520660882009276
2733;0.5981597967988114
2734;0.7173784043129499
2738;0.5695811559374319
2739;0.8273643646330529
2741;0.6106967052037002
2742;0.36611559170010216
2743;0.41588321369088893
2744;0.8514802460513397
2745;0.788861702497296
2747;0.8075510540735428
2748;0.6086480188172336
2749;0.7438582399808216
2751;0.892979150418396
2752;0.892979150418396
2753;0.6786385313940181
2754;0.6786385313940182
2755;0.7193604885246694
2756;0.7638906104777773
2757;0.72916954114944
2758;0.72916954114944
2759;0.823782722822345
2760;0.8194701950190081
2761;0.6061184441026424
2762;0.6061184441026424
2763;0.8459763325394147
2764;0.48099037323823157
2765;0.8720268251641377
2766;0.7894828370402347
2767;0.8231098847608699
2768;0.3642630674504308
2769;0.7957374789665715
2770;0.8825739816964563
2771;0.5906931728541556
2772;0.5906931728541556
2773;0.7350262692039433
2774;0.7350262692039433
2775;0.6057874158301157
2776;0.6057874158301157
2777;0.5229887947828541
2778;0.6948926239439364
2779;0.8195046866453173
2780;0.8195046866453173
2781;0.7854720853158194
2782;0.7854720853158194
2783;0.7058815853727255
2784;0.7058815853727255
2785;0.6531773189183521
2786;0.6531773189183521
2787;0.7986231615996977
2788;0.8508705637029538
2789;0.7091329934486038
2790;0.8389555600098891
2791;0.8037630026907591
2792;0.8025389699225652
2794;0.8105803112269708
2795;0.7639165164203254
2796;0.7973962294452607
2797;0.834911154942958
2798;0.8462971474946759
2799;0.7720297618682638
2800;0.8737990904845434
2801;0.44637313020519387
2802;0.3079983877507969
2803;0.560931873753462
2804;0.4546157939521011
2805;0.86611596998613
2806;0.8650418347402271
2807;0.6989746705950399
2808;0.519322584532888
2809;0.6704912294603174
2810;0.6148179808575053
2812;0.6467566151225124
2813;0.7414536401369738
2814;0.6314567900992863
2815;0.6130012371130141
2817;0.1819163060298411
2818;0.6523263250424526
2823;0.6724470255639947
2825;0.890705373273128
2826;0.6060076637487615
2827;0.7981216380728828
2828;0.7107683290036412
2829;0.36073296448236336
2830;0.36073296448236336
2833;0.5997429214626312
2834;0.5997429214626312
2835;0.7240540778882236
2836;0.5474779354952113
2837;0.7130783592305736
2838;0.3904882623032849
2839;0.2408857052548501
2840;0.2408857052548501
2841;0.7404564919734044
2842;0.7404564919734044
2843;0.5987107346308775
2844;0.5869046060941658
2847;0.5237497422822599
2848;0.5593182551679169
2849;0.39429497358854443
2850;0.18364153454671017
2852;0.4286151677195137
2853;0.5317192799968259
2854;0.8313577626485519
2857;0.7637278774566417
2858;0.4813973071535344
2859;0.5273489743824583
2860;0.8161396000928263
2861;0.7957381189561085
2862;0.7371941061795938
2863;0.7962905220276695
2864;0.7583556116719153
2865;0.7583556116719153
2867;0.8827600960992089
2868;0.8827600960992089
2869;0.4431841046823061
2870;0.4813973071535344
2872;0.6446374355276312
2873;0.7371941061795938
2874;0.583179425387816
2880;0.5799485240487718
2881;0.48655705987968206
2883;0.503426153879054
2884;0.6194502207777426
2885;0.6415499392995838
2886;0.43924932069367534
2887;0.776359862170964
2888;0.43776898280497684
2889;0.7742868414089622
2890;0.519161069107535
2891;0.8502458468820808
2894;0.35234458787639183
2895;0.843694167965627
2896;0.6837479197603603
2897;0.8603277695926275
2898;0.6535675588875783
2899;0.7984612956110483
2900;0.8221831111465261
2901;0.6384322687727104
2902;0.8447305213227245
2903;0.8178882003490221
2904;0.5768321226336915
2905;0.7725075632501578
2906;0.49818646333285804
2907;0.7853729500925797
2908;0.5233983287795656
2909;0.7688776043879391
2910;0.23508742735021318
2911;0.8309257205740623
2912;0.27704450142030607
2913;0.8538543317823352
2915;0.4791125034477623
2916;0.45716829896832184
2917;0.7864052978318035
2918;0.6531695383897034
2919;0.7553236607585941
2920;0.529717686790056
2922;0.5470407870372592
2923;0.5529143381626151
2925;0.5667067894963933
2927;0.503322634353735
2931;0.574921786642279
2932;0.38898270202695007
2934;0.6178616653741952
2935;0.851543298468383
2936;0.851543298468383
2937;0.8553926486682175
2938;0.8553926486682175
2939;0.8330713219663092
2940;0.8330713219663092
2941;0.8224371416685804
2942;0.8224371416685804
2945;0.8483610866537691
2946;0.8483610866537691
2947;0.8865206878170934
2948;0.8865206878170934
2949;0.54038641069056
2950;0.8603575000857656
2951;0.8738353178406524
2952;0.8738353178406524
2953;0.41491824961740537
2954;0.4142301186706324
2956;0.7477536708856395
2957;0.4245620960227363
2958;0.7588124839120545
2959;0.7599905226665322
2960;0.7869030478382498
2961;0.6913373847095908
2962;0.8424158595957391
2963;0.8402393927490058
2964;0.9268096521792102
2965;0.8631820638180379
2966;0.4576310964778606
2968;0.7321751608395514
2969;0.7029273986345949
2970;0.7596281143865146
2971;0.7027486651398915
2972;0.8400392209113254
2973;0.6864037663724297
2974;0.8536978489816504
2975;0.3792782953861688
2976;0.6214640208848103
2977;0.3223215513113031
2978;0.7231104653146888
2979;0.3746237360739118
2980;0.7688300762114665
2981;0.6346432889057544
2982;0.6974164712738737
2983;0.41946501334351183
2984;0.4991006411031086
2985;0.5484102664281751
2986;0.5780874069309647
2987;0.6642295836414747
2988;0.7114973068059025
2989;0.3573435673283406
2990;0.32804567416689745
2991;0.65349433369797
2994;0.3232139720716637
2995;0.2642219186392746
2996;0.8988677817488077
2997;0.597486692188685
2999;0.5223295439470861
3000;0.8900432446197172
3001;0.8301104475952873
3002;0.6379509551670428
3003;0.9419412416849835
3004;0.6558021626688225
3005;0.7946218460480579
3006;0.7946218460480579
3007;0.8269271630394405
3008;0.8269271630394405
3009;0.7489489405857251
3010;0.7489489405857251
3011;0.8635365788435714
3012;0.8635365788435714
3013;0.8248126954938675
3014;0.8248126954938675
3015;0.8136954827809848
3016;0.8136954827809848
3017;0.5884405526592137
3018;0.7316529269549009
3019;0.8156243125834003
3020;0.8288235818768062
3022;0.709650414440112
3023;0.608266042748846
3026;0.8661614218186676
3027;0.4522533704816304
3028;0.5775045480135987
3029;0.6065293689108298
3030;0.8038113501943404
3031;0.5199959592775284
3032;0.830498216955972
3033;0.38503740088359206
3034;0.7164286286902143
3035;0.5800155191083742
3036;0.5717037506121279
3037;0.7782600296142076
3039;0.8273793144167985
3040;0.6044715358370424
3041;0.7825146404396057
3042;0.7825146404396056
3043;0.4692034240427009
3044;0.40130990442127784
3045;0.7991451103292079
3046;0.5953835376700995
3047;0.807509374197191
3048;0.385313451437667
3049;0.6237538044790341
3050;0.6237538044790338
3051;0.8033494452557297
3052;0.7235538154446587
3053;0.7901805663522452
3054;0.6829847470518118
3055;0.5400081040280544
3056;0.6689504748826431
3057;0.6058263781246911
3058;0.8375387151198532
3059;0.4837470340179088
3060;0.7441123837309314
3061;0.7469330745761238
3062;0.7469330745761238
3063;0.8934884170679505
3064;0.8934884170679505
3065;0.8576003901926778
3066;0.8576003901926778
3067;0.7286186225412886
3068;0.7286186225412886
3069;0.6562499996316121
3070;0.7650730361726158
3071;0.801586619284913
3072;0.801586619284913
3073;0.9135762148749236
3074;0.8120717783545881
3078;0.8631331634369859
3080;0.561670565084642
3082;0.7976605535482103
3083;0.5772264385376629
3084;0.8412515487562321
3085;0.6367359607278441
3086;0.8935123415913844
3087;0.6230899181511028
3088;0.8659946317405972
3089;0.6283046072523348
3090;0.8310672366087489
3091;0.5450699684390234
3092;0.8917838202560062
3093;0.4300984312590185
3094;0.8537312040073399
3095;0.8183652872532424
3096;0.8445857125006224
3097;0.43543973289231785
3098;0.8689501337184877
3101;0.8222856942166178
3103;0.5336451761831987
3104;0.5056497573540125
3105;0.7185054689460367
3106;0.576195499325896
3107;0.8232867845164294
3108;0.804692919294081
3109;0.8710364582624954
3110;0.7577219828479625
3111;0.8300568767126809
3112;0.46808937176158294
3113;0.8234703436081636
3114;0.5577337970807994
3115;0.8487132897851006
3116;0.8606950214467299
3117;0.4660554357797
3119;0.7619881559801887
3120;0.5627641323489198
3121;0.5767515316996042
3122;0.5293297407895867
3123;0.6331190105355806
3124;0.8743018126257222
3127;0.7695966458518877
3128;0.6090593211621816
3133;0.8178582956047923
3134;0.8314031545665215
3135;0.9243096693180466
3136;0.9243096693180466
3137;0.8338445291280431
3138;0.815083806034095
3139;0.8621092590572018
3141;0.7777401494783617
3142;0.7777401494783617
3146;0.8353709949841224
3147;0.7044100436019234
3148;0.4974902521010426
3149;0.8406219658221981
3151;0.9153123587792488
3152;0.5108805814112254
3153;0.843668844110946
3154;0.6356834402161271
3155;0.9066613657847346
3156;0.6156436440273745
3157;0.8331223163602588
3158;0.5761114788566395
3159;0.8848288194619531
3160;0.43136361780760957
3161;0.7745252162572942
3162;0.4182954602163282
3163;0.7999495822956082
3164;0.2926215263225826
3165;0.8359432855400837
3166;0.4181919424218657
3167;0.6420571718405924
3168;0.46545708254521523
3169;0.8398271120409772
3173;0.7841069514516749
3174;0.38808148833261563
3175;0.856210537674439
3176;0.856210537674439
3177;0.6995465981725836
3178;0.6995465981725836
3179;0.7949824474831811
3180;0.8070949372889162
3181;0.6483871683867983
3182;0.5564330366951198
3183;0.4340243809747759
3184;0.4340243809747759
3185;0.4610484142975517
3186;0.4610484142975517
3187;0.8564342112541139
3188;0.8875793903785308
3193;0.7471192921150642
3194;0.7471192921150642
3197;0.6739841749712652
3198;0.8274947482070144
3199;0.5734701709589888
3200;0.5734701709589888
3201;0.6420692069361167
3202;0.6420692069361167
3203;0.6014990808567385
3204;0.6014990808567385
3205;0.39672022039838883
3206;0.5705031012899627
3207;0.5953933901756323
3208;0.6842479358494226
3209;0.46757620370236347
3210;0.46757620370236347
3211;0.7339073231012262
3212;0.5150849747576718
3213;0.46967689370304816
3214;0.41668570007075106
3215;0.7254738849164142
3216;0.6346259556696154
3217;0.6346259556696154
3218;0.6156958592482227
3219;0.6156958592482227
3221;0.23029260130455786
3222;0.8369771677089916
3223;0.35648470475459
3224;0.35648470475459
3225;0.0372112158890453
3226;-0.12917397062390684
3227;0.06981446572937461
3228;0.06981446572937461
3229;0.7455278609196603
3230;0.7455278609196603
3231;0.18832348521226452
3232;0.18832348521226452
3233;0.8180345731142709
3234;0.7719464663343859
3235;0.8177293222046711
3236;0.6186968180219978
3237;0.4655413666217744
3238;0.818862699207056
3239;0.6257125606811752
3240;0.6018670708115554
3241;0.7030090726761885
3242;0.49631983894853493
3243;0.8204470778784608
3245;0.8182503374326061
3246;0.692782832304154
3247;0.798117879955553
3248;0.8100360368482241
3249;0.7873697808903679
3250;0.8073104853412624
3251;0.8191136813715437
3252;0.5492656959484653
3253;0.8130816260196065
3254;0.8902604800477136
3255;0.8902604800477136
3256;0.8355711392804944
3257;0.8355711392804944
3258;0.8204075527237125
3259;0.8583538911178777
3260;0.8331058181024418
3261;0.7442287466423934
3262;0.8325452497222153
3263;0.8050715839724193
3265;0.8315541877800543
3266;0.7702275847040639
3267;0.6142185304695053
3268;0.7123605515756218
3269;0.5120088133993158
3270;0.7544087154268913
3271;0.8824520905698391
3272;0.7265899449255911
3273;0.5918910807363273
3274;0.828016858981437
3275;0.6211171312335965
3276;0.7647970785678005
3277;0.7778668198943837
3278;0.8234329790232096
3279;0.8382439657329043
3280;0.8364002716220351
3281;0.8230526715174764
3282;0.8492171941222297
3283;0.8437891473327821
3284;0.7961893994240944
3285;0.8013110840684536
3286;0.8087996129260341
3287;0.7992303821598227
3288;0.7800780697098206
3290;0.8097197213673653
3291;0.5317936474898547
3293;0.7775697460281654
3294;0.8290396523158214
3295;0.6902940451640929
3296;0.5740564381784692
3297;0.5804718028184199
3298;0.5804718028184199
3299;0.6290456852419001
3300;0.8465188460991606
3301;0.6138269235457718
3302;0.6655164153324687
3303;0.4035782222154749
3304;0.9023925200161833
3305;0.43096637123800247
3306;0.7840042729912597
3309;0.09202125260493477
3310;0.8249294335759704
3311;0.6629683794462283
3312;0.8249669533574542
3313;0.4316689205219215
3315;0.6645973859345328
3316;0.8134374787333132
3317;0.2129937276409411
3318;0.8509230942140562
3319;0.702374364858584
3322;0.8621403538498998
3324;0.5166446860610036
3325;0.6109158534800393
3327;0.8171304887436437
3328;0.6360665755127267
3329;0.8556524006416999
3330;0.668334040778554
3331;0.5280910892761072
3332;0.35826121042822606
3333;0.3269937929920014
3334;0.6423589901693525
3335;0.441875412412224
3336;0.8248002321507844
3340;0.7154339547570779
3343;0.6725778976576607
3344;0.6725778976576607
3345;0.35941171926033016
3346;0.35941171926033016
3347;0.5632404730696142
3348;0.5632404730696142
3349;0.4971322978481698
3350;0.4855296078450843
3351;0.5002068448840622
3352;0.5002068448840622
3353;0.5611873663083066
3355;0.6643971253337917
3356;0.4739880249104827
3357;0.4198895289061065
