;CU;CU2
0;1.0;0.15384615384615385
1;1.0;0.2142857142857143
2;1.0;0.16666666666666663
3;1.0;0.23076923076923073
4;1.0;0.2222222222222222
5;1.0;0.30000000000000004
6;1.0;0.25
7;1.0;0.3076923076923077
8;1.0;0.19999999999999996
9;1.0;0.2727272727272727
10;0.8571428571428572;0.5
11;0.8666666666666667;0.52
12;1.0;0.36363636363636365
13;1.0;0.36363636363636365
14;1.0;0.15384615384615385
15;1.0;0.2142857142857143
16;1.0;0.15384615384615385
17;1.0;0.2142857142857143
18;1.0;0.15384615384615385
19;1.0;0.15384615384615385
20;1.0;0.18181818181818177
21;1.0;0.18181818181818177
22;1.0;0.18181818181818177
23;1.0;0.18181818181818177
24;1.0;0.30000000000000004
25;1.0;0.46153846153846156
26;1.0;0.3846153846153846
27;1.0;0.3846153846153846
28;1.0;0.5
29;1.0;0.5
30;1.0;0.19999999999999996
31;1.0;0.19999999999999996
32;1.0;0.19999999999999996
33;1.0;0.25
34;1.0;0.33333333333333337
35;1.0;0.6923076923076923
36;1.0;0.16666666666666663
37;1.0;0.19999999999999996
38;1.0;0.16666666666666663
39;1.0;0.2222222222222222
40;1.0;0.18181818181818177
41;1.0;0.2727272727272727
42;1.0;0.42105263157894735
43;1.0;0.19999999999999996
44;1.0;0.18181818181818177
45;1.0;0.1578947368421053
46;1.0;0.1578947368421053
47;1.0;0.11111111111111116
48;1.0;0.2222222222222222
49;1.0;0.2222222222222222
50;1.0;0.15384615384615385
51;1.0;0.16666666666666663
52;1.0;0.09523809523809523
53;1.0;0.11111111111111116
54;1.0;0.1428571428571429
55;1.0;0.125
56;1.0;0.1428571428571429
57;1.0;0.1428571428571429
58;1.0;0.125
59;1.0;0.6153846153846154
60;0.5;0.2222222222222222
61;1.0;0.1875
62;1.0;0.5384615384615384
63;1.0;0.2222222222222222
64;1.0;0.15384615384615385
65;1.0;0.1428571428571429
66;1.0;0.19999999999999996
67;1.0;0.10526315789473684
68;1.0;0.15384615384615385
69;1.0;0.11538461538461542
70;1.0;0.3076923076923077
71;1.0;0.15384615384615385
72;1.0;0.19047619047619047
73;1.0;0.19999999999999996
74;1.0;0.15384615384615385
75;1.0;0.14814814814814814
76;1.0;0.5625
77;1.0;0.5
78;1.0;0.33333333333333337
79;1.0;0.33333333333333337
80;1.0;0.19999999999999996
81;1.0;0.19999999999999996
82;1.0;0.16666666666666663
83;1.0;0.16666666666666663
84;1.0;0.5263157894736843
85;1.0;0.5263157894736843
86;1.0;0.1428571428571429
87;1.0;0.1428571428571429
88;1.0;0.2666666666666667
89;1.0;0.2666666666666667
90;1.0;0.6666666666666667
91;1.0;0.6764705882352942
92;1.0;0.8
93;1.0;0.8
94;1.0;0.18181818181818177
95;1.0;0.5
96;1.0;0.19999999999999996
97;1.0;0.19999999999999996
98;1.0;0.19999999999999996
99;1.0;0.19999999999999996
100;1.0;0.33333333333333337
101;1.0;0.33333333333333337
102;1.0;0.19999999999999996
103;1.0;0.2727272727272727
104;1.0;0.25
105;1.0;0.25
106;1.0;0.19999999999999996
107;1.0;0.19999999999999996
108;1.0;0.1333333333333333
109;1.0;0.1333333333333333
110;1.0;0.16666666666666663
111;1.0;0.16666666666666663
112;1.0;0.25
113;1.0;0.25
114;1.0;0.2142857142857143
115;1.0;0.368421052631579
116;1.0;0.2142857142857143
117;1.0;0.375
118;1.0;0.30000000000000004
119;1.0;0.7333333333333334
120;1.0;0.15000000000000002
121;1.0;0.2142857142857143
122;1.0;0.17647058823529416
123;1.0;0.1578947368421053
124;1.0;0.25
125;1.0;0.5
126;1.0;0.19999999999999996
127;1.0;0.19999999999999996
128;1.0;0.1428571428571429
129;1.0;0.1428571428571429
130;1.0;0.19999999999999996
131;1.0;0.19999999999999996
132;1.0;0.3571428571428571
133;1.0;0.3571428571428571
134;1.0;0.16666666666666663
135;1.0;0.23076923076923073
136;1.0;0.19999999999999996
137;1.0;0.2727272727272727
138;1.0;0.47058823529411764
139;1.0;0.625
140;1.0;0.30000000000000004
141;1.0;0.16666666666666663
142;1.0;0.16666666666666663
143;1.0;0.16666666666666663
144;1.0;0.16666666666666663
145;1.0;0.2857142857142857
146;1.0;0.2857142857142857
147;1.0;0.18181818181818177
148;1.0;0.18181818181818177
149;1.0;0.4444444444444444
150;1.0;0.5833333333333333
151;1.0;0.18181818181818177
152;1.0;0.4
153;1.0;0.5
154;1.0;0.2222222222222222
155;1.0;0.19999999999999996
156;1.0;0.19999999999999996
157;1.0;0.2222222222222222
158;1.0;0.2222222222222222
159;1.0;0.30000000000000004
160;1.0;0.30000000000000004
161;1.0;0.15384615384615385
162;1.0;0.15384615384615385
163;1.0;0.11764705882352944
164;1.0;0.11764705882352944
165;1.0;0.18181818181818177
166;1.0;0.18181818181818177
167;1.0;0.16666666666666663
168;1.0;0.16666666666666663
169;1.0;0.33333333333333337
170;1.0;0.33333333333333337
171;1.0;0.33333333333333337
172;1.0;0.33333333333333337
173;1.0;0.3846153846153846
174;1.0;0.19999999999999996
175;1.0;0.15384615384615385
176;1.0;0.15384615384615385
177;1.0;0.2857142857142857
178;1.0;0.2857142857142857
179;1.0;0.1875
180;1.0;0.1333333333333333
181;1.0;0.2727272727272727
182;1.0;0.19999999999999996
183;1.0;0.30000000000000004
184;1.0;0.2222222222222222
185;1.0;0.30000000000000004
186;1.0;0.2222222222222222
187;1.0;0.15000000000000002
188;1.0;0.4666666666666667
189;1.0;0.3846153846153846
190;1.0;0.41666666666666663
191;1.0;0.36363636363636365
192;0.975;0.8125
193;0.9019607843137255;0.7796610169491526
194;1.0;0.17647058823529416
195;1.0;0.17647058823529416
196;1.0;0.4285714285714286
197;1.0;0.6
198;1.0;0.1428571428571429
199;1.0;0.368421052631579
200;1.0;0.2727272727272727
201;1.0;0.4666666666666667
202;0.9;0.4736842105263158
203;0.8333333333333334;0.33333333333333337
204;0.8666666666666667;0.7358490566037736
205;0.7142857142857143;0.4545454545454546
206;0.7692307692307692;0.5555555555555556
207;0.7692307692307692;0.5555555555555556
208;0.75;0.5172413793103448
209;1.0;0.25
210;0.8780487804878049;0.7912087912087912
211;1.0;0.18181818181818177
212;1.0;0.17647058823529416
213;1.0;0.26315789473684215
214;1.0;0.23076923076923073
215;1.0;0.11764705882352944
216;1.0;0.2666666666666667
217;1.0;0.1333333333333333
218;1.0;0.5
219;1.0;0.1428571428571429
220;1.0;0.41666666666666663
221;1.0;0.6428571428571428
222;1.0;0.16666666666666663
223;1.0;0.10526315789473684
224;1.0;0.16666666666666663
225;1.0;0.1428571428571429
226;1.0;0.06451612903225812
227;1.0;0.16666666666666663
228;1.0;0.1428571428571429
229;1.0;0.6666666666666667
230;1.0;0.25
231;1.0;0.18181818181818177
232;1.0;0.25
233;1.0;0.25
234;1.0;0.2222222222222222
235;1.0;0.2222222222222222
236;1.0;0.1578947368421053
237;1.0;0.25
238;1.0;0.25
239;1.0;0.18181818181818177
240;1.0;0.4
241;1.0;0.5
242;1.0;0.5
243;1.0;0.25
244;1.0;0.25
245;1.0;0.4375
246;1.0;0.2857142857142857
247;0.75;0.46153846153846156
248;1.0;0.2222222222222222
249;1.0;0.2222222222222222
250;1.0;0.19999999999999996
251;1.0;0.19999999999999996
252;0.9230769230769231;0.7272727272727273
253;1.0;0.631578947368421
254;1.0;0.2727272727272727
255;0.5;0.2142857142857143
256;1.0;0.5238095238095238
257;1.0;0.5238095238095238
258;1.0;0.72
259;1.0;0.6111111111111112
260;1.0;0.5789473684210527
261;1.0;0.5294117647058824
262;0.9166666666666666;0.75
263;1.0;0.6521739130434783
264;1.0;0.19999999999999996
265;1.0;0.19999999999999996
266;1.0;0.25
267;1.0;0.25
268;1.0;0.16666666666666663
269;1.0;0.16666666666666663
270;1.0;0.42307692307692313
271;1.0;0.42307692307692313
272;1.0;0.5
273;1.0;0.6
274;1.0;0.4285714285714286
275;1.0;0.6666666666666667
276;1.0;0.2692307692307693
277;1.0;0.3870967741935484
278;1.0;0.2777777777777778
279;1.0;0.2777777777777778
280;1.0;0.7391304347826086
281;1.0;0.7446808510638299
282;1.0;0.19999999999999996
283;1.0;0.19999999999999996
284;1.0;0.18181818181818177
285;1.0;0.18181818181818177
286;1.0;0.16666666666666663
287;1.0;0.16666666666666663
288;1.0;0.2222222222222222
289;1.0;0.2222222222222222
290;1.0;0.6
291;1.0;0.6470588235294117
292;1.0;0.41666666666666663
293;1.0;0.36363636363636365
294;1.0;0.4545454545454546
295;1.0;0.4285714285714286
296;1.0;0.1428571428571429
297;1.0;0.1428571428571429
298;1.0;0.6190476190476191
299;1.0;0.33333333333333337
300;1.0;0.375
301;1.0;0.23076923076923073
302;1.0;0.16666666666666663
303;1.0;0.23076923076923073
304;1.0;0.16666666666666663
305;1.0;0.3846153846153846
306;1.0;0.33333333333333337
307;1.0;0.33333333333333337
308;1.0;0.2941176470588235
309;1.0;0.6875
310;1.0;0.6666666666666667
311;1.0;0.4285714285714286
312;1.0;0.2727272727272727
313;1.0;0.33333333333333337
314;1.0;0.25
315;1.0;0.2857142857142857
316;1.0;0.2857142857142857
317;1.0;0.18181818181818177
318;1.0;0.18181818181818177
319;1.0;0.2222222222222222
320;1.0;0.2222222222222222
321;1.0;0.2857142857142857
322;1.0;0.2857142857142857
323;1.0;0.16666666666666663
324;0.9411764705882353;0.5925925925925926
325;1.0;0.33333333333333337
326;1.0;0.625
327;1.0;0.45833333333333337
328;1.0;0.5
329;1.0;0.16666666666666663
330;1.0;0.16666666666666663
331;1.0;0.2727272727272727
332;0.9473684210526316;0.6666666666666667
333;1.0;0.631578947368421
334;1.0;0.75
335;1.0;0.15384615384615385
336;1.0;0.15384615384615385
337;1.0;0.18181818181818177
338;1.0;0.18181818181818177
339;1.0;0.2222222222222222
340;1.0;0.2222222222222222
341;1.0;0.5
342;1.0;0.5555555555555556
343;0.8571428571428572;0.5
344;1.0;0.25
345;1.0;0.25
346;1.0;0.16666666666666663
347;1.0;0.16666666666666663
348;1.0;0.25
349;1.0;0.25
350;1.0;0.19999999999999996
351;1.0;0.2727272727272727
352;1.0;0.33333333333333337
353;1.0;0.33333333333333337
354;1.0;0.19999999999999996
355;1.0;0.19999999999999996
356;1.0;0.25
357;1.0;0.25
358;1.0;0.18181818181818177
359;0.7727272727272727;0.5483870967741935
360;1.0;0.1428571428571429
361;0.625;0.3571428571428571
362;1.0;0.18181818181818177
363;0.6923076923076923;0.40909090909090906
364;1.0;0.16666666666666663
365;1.0;0.16666666666666663
366;0.9090909090909091;0.5
367;1.0;0.2222222222222222
368;0.9090909090909091;0.5555555555555556
369;1.0;0.1428571428571429
370;1.0;0.1428571428571429
371;1.0;0.1333333333333333
372;1.0;0.1333333333333333
373;1.0;0.18181818181818177
374;1.0;0.18181818181818177
375;1.0;0.25
376;1.0;0.25
377;1.0;0.23076923076923073
378;1.0;0.23076923076923073
379;1.0;0.125
380;1.0;0.125
381;0.8;0.25
382;1.0;0.2142857142857143
383;1.0;0.1333333333333333
384;1.0;0.1333333333333333
385;1.0;0.18181818181818177
386;1.0;0.18181818181818177
387;1.0;0.25
388;1.0;0.25
389;1.0;0.19999999999999996
390;1.0;0.19999999999999996
391;1.0;0.2727272727272727
392;1.0;0.2727272727272727
393;1.0;0.2727272727272727
394;1.0;0.5294117647058824
395;1.0;0.16666666666666663
396;1.0;0.16666666666666663
397;1.0;0.5
398;1.0;0.375
399;1.0;0.375
400;1.0;0.2727272727272727
401;1.0;0.2727272727272727
402;1.0;0.16666666666666663
403;1.0;0.16666666666666663
404;1.0;0.19999999999999996
405;1.0;0.19999999999999996
406;1.0;0.1428571428571429
407;1.0;0.1428571428571429
408;1.0;0.25
409;0.6666666666666667;0.38095238095238093
410;1.0;0.25
411;0.7142857142857143;0.3846153846153846
412;1.0;0.19999999999999996
413;0.4444444444444444;0.23529411764705888
414;1.0;0.125
415;1.0;0.2222222222222222
416;1.0;0.2222222222222222
417;0.8333333333333334;0.3846153846153846
418;1.0;0.16666666666666663
419;1.0;0.16666666666666663
420;1.0;0.2777777777777778
421;0.8421052631578947;0.5
422;1.0;0.16666666666666663
423;1.0;0.16666666666666663
424;1.0;0.1428571428571429
425;1.0;0.1428571428571429
426;1.0;0.19999999999999996
427;1.0;0.19999999999999996
428;1.0;0.2857142857142857
429;1.0;0.16666666666666663
430;1.0;0.5909090909090908
431;0.8571428571428572;0.5217391304347826
432;1.0;0.2727272727272727
433;1.0;0.2727272727272727
434;1.0;0.2222222222222222
435;1.0;0.2222222222222222
436;1.0;0.2222222222222222
437;1.0;0.2222222222222222
438;1.0;0.15384615384615385
439;1.0;0.15384615384615385
440;1.0;0.15384615384615385
441;1.0;0.11764705882352944
442;1.0;0.11764705882352944
443;1.0;0.25
444;1.0;0.25
445;1.0;0.46153846153846156
446;1.0;0.46153846153846156
447;1.0;0.1428571428571429
448;1.0;0.19999999999999996
449;1.0;0.25
450;1.0;0.25
451;1.0;0.18181818181818177
452;1.0;0.18181818181818177
453;1.0;0.1428571428571429
454;1.0;0.1428571428571429
455;1.0;0.1428571428571429
456;1.0;0.1428571428571429
457;1.0;0.5625
458;1.0;0.5652173913043479
459;1.0;0.30000000000000004
460;1.0;0.1875
461;1.0;0.1428571428571429
462;1.0;0.2142857142857143
463;1.0;0.13636363636363635
464;0.41666666666666663;0.16666666666666663
465;1.0;0.11111111111111116
466;1.0;0.11111111111111116
467;1.0;0.2222222222222222
468;1.0;0.2222222222222222
469;1.0;0.19999999999999996
470;1.0;0.19999999999999996
471;1.0;0.16666666666666663
472;1.0;0.16666666666666663
473;1.0;0.19999999999999996
474;1.0;0.19999999999999996
475;1.0;0.3571428571428571
476;1.0;0.3076923076923077
477;1.0;0.19999999999999996
478;1.0;0.19999999999999996
479;1.0;0.2666666666666667
480;1.0;0.2666666666666667
481;1.0;0.3571428571428571
482;1.0;0.3571428571428571
483;1.0;0.2857142857142857
484;1.0;0.2857142857142857
485;1.0;0.25
486;1.0;0.25
487;1.0;0.16666666666666663
488;1.0;0.16666666666666663
489;1.0;0.30000000000000004
490;1.0;0.30000000000000004
491;1.0;0.5
492;1.0;0.6666666666666667
493;1.0;0.2857142857142857
494;0.9444444444444444;0.6071428571428572
495;1.0;0.5625
496;1.0;0.5625
497;1.0;0.2727272727272727
498;1.0;0.5
499;1.0;0.1428571428571429
500;1.0;0.19999999999999996
501;1.0;0.15384615384615385
502;0.7;0.33333333333333337
503;1.0;0.25
504;0.9090909090909091;0.5882352941176471
505;1.0;0.4285714285714286
506;1.0;0.6666666666666667
507;1.0;0.7307692307692308
508;1.0;0.46153846153846156
509;1.0;0.5714285714285714
510;1.0;0.5
511;0.922077922077922;0.8658536585365854
512;1.0;0.8076923076923077
513;0.95;0.76
514;1.0;0.736842105263158
515;1.0;0.19999999999999996
516;1.0;0.5789473684210527
517;1.0;0.2222222222222222
518;1.0;0.2222222222222222
519;1.0;0.18181818181818177
520;1.0;0.18181818181818177
521;1.0;0.25
522;1.0;0.25
523;1.0;0.1428571428571429
524;1.0;0.1428571428571429
525;1.0;0.18181818181818177
526;1.0;0.18181818181818177
527;1.0;0.5454545454545454
528;1.0;0.5454545454545454
529;1.0;0.37037037037037035
530;1.0;0.43333333333333335
531;1.0;0.35
532;1.0;0.3157894736842105
533;1.0;0.11111111111111116
534;1.0;0.11111111111111116
535;1.0;0.19999999999999996
536;1.0;0.19999999999999996
537;1.0;0.19999999999999996
538;1.0;0.19999999999999996
539;1.0;0.19999999999999996
540;1.0;0.19999999999999996
541;1.0;0.4545454545454546
542;0.7777777777777778;0.4666666666666667
543;1.0;0.4
544;1.0;0.4
545;1.0;0.16666666666666663
546;1.0;0.11764705882352944
547;1.0;0.36363636363636365
548;1.0;0.5172413793103448
549;1.0;0.5
550;1.0;0.33333333333333337
551;1.0;0.3157894736842105
552;0.7777777777777778;0.31818181818181823
553;1.0;0.2142857142857143
554;1.0;0.2142857142857143
555;1.0;0.375
556;1.0;0.375
557;1.0;0.2727272727272727
558;1.0;0.2727272727272727
559;1.0;0.19999999999999996
560;1.0;0.1428571428571429
561;1.0;0.4444444444444444
562;1.0;0.2857142857142857
563;1.0;0.46153846153846156
564;1.0;0.72
565;1.0;0.5333333333333333
566;1.0;0.19999999999999996
567;1.0;0.2727272727272727
568;1.0;0.17647058823529416
569;1.0;0.1428571428571429
570;1.0;0.10526315789473684
571;1.0;0.1428571428571429
572;1.0;0.11764705882352944
573;1.0;0.1333333333333333
574;1.0;0.05555555555555558
575;1.0;0.06896551724137934
576;1.0;0.16666666666666663
577;1.0;0.33333333333333337
578;1.0;0.1428571428571429
579;1.0;0.1428571428571429
580;1.0;0.19999999999999996
581;1.0;0.15384615384615385
582;1.0;0.07999999999999996
583;1.0;0.19999999999999996
584;0.5555555555555556;0.2272727272727273
585;1.0;0.07407407407407407
586;1.0;0.5454545454545454
587;1.0;0.5161290322580645
588;1.0;0.11764705882352944
589;1.0;0.1333333333333333
590;1.0;0.1333333333333333
591;1.0;0.18181818181818177
592;1.0;0.18181818181818177
593;1.0;0.1333333333333333
594;1.0;0.1333333333333333
595;1.0;0.16666666666666663
596;1.0;0.16666666666666663
597;1.0;0.368421052631579
598;1.0;0.4
599;1.0;0.15384615384615385
600;1.0;0.15384615384615385
601;1.0;0.16666666666666663
602;1.0;0.16666666666666663
603;1.0;0.41666666666666663
604;1.0;0.36363636363636365
605;1.0;0.5
606;1.0;0.5
607;1.0;0.6
608;1.0;0.125
609;1.0;0.23076923076923073
610;1.0;0.4736842105263158
611;1.0;0.15384615384615385
612;1.0;0.2857142857142857
613;1.0;0.2222222222222222
614;1.0;0.18181818181818177
615;1.0;0.11111111111111116
616;1.0;0.19999999999999996
617;1.0;0.18181818181818177
618;1.0;0.25
619;1.0;0.18181818181818177
620;1.0;0.11111111111111116
621;1.0;0.2857142857142857
622;1.0;0.18181818181818177
623;1.0;0.25
624;1.0;0.18181818181818177
625;1.0;0.25
626;1.0;0.18181818181818177
627;1.0;0.18181818181818177
628;1.0;0.41666666666666663
629;1.0;0.46153846153846156
630;1.0;0.19999999999999996
631;1.0;0.33333333333333337
632;1.0;0.3846153846153846
633;1.0;0.3846153846153846
634;1.0;0.2142857142857143
635;0.8275862068965517;0.6
636;1.0;0.1333333333333333
637;1.0;0.1333333333333333
638;1.0;0.7222222222222222
639;0.8873239436619719;0.8289473684210527
640;1.0;0.18181818181818177
641;1.0;0.18181818181818177
642;1.0;0.15384615384615385
643;1.0;0.15384615384615385
644;1.0;0.18181818181818177
645;1.0;0.18181818181818177
646;1.0;0.4545454545454546
647;1.0;0.4545454545454546
648;1.0;0.6470588235294117
649;1.0;0.4545454545454546
650;1.0;0.33333333333333337
651;1.0;0.33333333333333337
652;1.0;0.4117647058823529
653;1.0;0.2857142857142857
654;1.0;0.16666666666666663
655;1.0;0.16666666666666663
656;1.0;0.16666666666666663
657;1.0;0.16666666666666663
658;1.0;0.16666666666666663
659;1.0;0.4545454545454546
660;1.0;0.16666666666666663
661;0.9375;0.6521739130434783
662;1.0;0.5714285714285714
663;1.0;0.3571428571428571
664;1.0;0.38888888888888884
665;1.0;0.6086956521739131
666;1.0;0.5714285714285714
667;1.0;0.11111111111111116
668;1.0;0.23529411764705888
669;1.0;0.16666666666666663
670;1.0;0.33333333333333337
671;1.0;0.33333333333333337
672;1.0;0.15384615384615385
673;1.0;0.4444444444444444
674;1.0;0.1333333333333333
675;1.0;0.30000000000000004
676;1.0;0.1333333333333333
677;1.0;0.7916666666666666
678;1.0;0.3846153846153846
679;1.0;0.30000000000000004
680;1.0;0.4444444444444444
681;1.0;0.1578947368421053
682;1.0;0.1578947368421053
683;1.0;0.15000000000000002
684;0.9523809523809523;0.625
685;1.0;0.1428571428571429
686;1.0;0.23076923076923073
687;1.0;0.16666666666666663
688;1.0;0.375
689;1.0;0.2857142857142857
690;1.0;0.25
691;1.0;0.18181818181818177
692;1.0;0.30000000000000004
693;1.0;0.2222222222222222
694;1.0;0.5
695;1.0;0.4814814814814815
696;1.0;0.5333333333333333
697;1.0;0.36363636363636365
698;1.0;0.41666666666666663
699;1.0;0.2222222222222222
700;1.0;0.23076923076923073
701;1.0;0.16666666666666663
702;1.0;0.25
703;1.0;0.18181818181818177
704;1.0;0.2222222222222222
705;1.0;0.2222222222222222
706;1.0;0.16666666666666663
707;1.0;0.16666666666666663
708;1.0;0.16666666666666663
709;1.0;0.16666666666666663
710;1.0;0.18181818181818177
711;1.0;0.18181818181818177
712;1.0;0.3076923076923077
713;1.0;0.3076923076923077
714;1.0;0.5
715;1.0;0.5
716;1.0;0.8
717;1.0;0.6470588235294117
718;1.0;0.5
719;1.0;0.47058823529411764
720;1.0;0.5263157894736843
721;1.0;0.1578947368421053
722;1.0;0.2727272727272727
723;1.0;0.33333333333333337
724;1.0;0.1333333333333333
725;1.0;0.15384615384615385
726;1.0;0.2727272727272727
727;1.0;0.125
728;1.0;0.4
729;1.0;0.33333333333333337
730;1.0;0.09999999999999998
731;1.0;0.5
732;1.0;0.25
733;1.0;0.25
734;1.0;0.16666666666666663
735;1.0;0.16666666666666663
736;1.0;0.4666666666666667
737;1.0;0.4666666666666667
738;1.0;0.2222222222222222
739;1.0;0.46153846153846156
740;0.9;0.6428571428571428
741;1.0;0.33333333333333337
742;1.0;0.1333333333333333
743;1.0;0.35
744;1.0;0.2222222222222222
745;1.0;0.2222222222222222
746;1.0;0.18181818181818177
747;1.0;0.18181818181818177
748;1.0;0.2222222222222222
749;1.0;0.2222222222222222
750;1.0;0.23076923076923073
751;1.0;0.2857142857142857
752;1.0;0.1428571428571429
753;1.0;0.1428571428571429
754;1.0;0.2142857142857143
755;1.0;0.2142857142857143
756;1.0;0.2857142857142857
757;1.0;0.2857142857142857
758;1.0;0.5263157894736843
759;1.0;0.25
760;1.0;0.25
761;1.0;0.25
762;1.0;0.33333333333333337
763;1.0;0.19999999999999996
764;1.0;0.33333333333333337
765;1.0;0.47058823529411764
766;1.0;0.375
767;1.0;0.2142857142857143
768;1.0;0.18181818181818177
769;1.0;0.44999999999999996
770;0.631578947368421;0.3870967741935484
771;1.0;0.2222222222222222
772;1.0;0.30000000000000004
773;1.0;0.10526315789473684
774;0.6666666666666667;0.30000000000000004
775;1.0;0.09523809523809523
776;1.0;0.1428571428571429
777;1.0;0.09999999999999998
778;1.0;0.0714285714285714
779;1.0;0.09523809523809523
780;1.0;0.4545454545454546
781;1.0;0.18181818181818177
782;1.0;0.15384615384615385
783;1.0;0.15384615384615385
784;1.0;0.15384615384615385
785;1.0;0.15384615384615385
786;1.0;0.19999999999999996
787;1.0;0.19999999999999996
788;1.0;0.4285714285714286
789;1.0;0.4285714285714286
790;1.0;0.1578947368421053
791;1.0;0.1578947368421053
792;1.0;0.33333333333333337
793;1.0;0.4666666666666667
794;1.0;0.4117647058823529
795;1.0;0.5833333333333333
796;1.0;0.2727272727272727
797;1.0;0.2727272727272727
798;1.0;0.1333333333333333
799;1.0;0.1333333333333333
800;1.0;0.19999999999999996
801;1.0;0.19999999999999996
802;1.0;0.19999999999999996
803;1.0;0.19999999999999996
804;1.0;0.19999999999999996
805;1.0;0.15384615384615385
806;1.0;0.15384615384615385
807;1.0;0.4545454545454546
808;1.0;0.6842105263157895
809;1.0;0.33333333333333337
810;1.0;0.19999999999999996
811;1.0;0.7586206896551724
812;1.0;0.5333333333333333
813;1.0;0.15384615384615385
814;1.0;0.15384615384615385
815;0.9166666666666666;0.6666666666666667
816;0.7435897435897436;0.6041666666666667
817;0.9411764705882353;0.6274509803921569
818;0.8333333333333334;0.3448275862068966
819;1.0;0.3529411764705882
820;1.0;0.15000000000000002
821;1.0;0.2222222222222222
822;1.0;0.33333333333333337
823;1.0;0.2857142857142857
824;1.0;0.4444444444444444
825;1.0;0.75
826;1.0;0.11111111111111116
827;1.0;0.1333333333333333
828;1.0;0.125
829;1.0;0.125
830;1.0;0.04347826086956519
831;1.0;0.1428571428571429
832;1.0;0.18181818181818177
833;1.0;0.25
834;1.0;0.25
835;1.0;0.16666666666666663
836;1.0;0.16666666666666663
837;1.0;0.15384615384615385
838;1.0;0.15384615384615385
839;1.0;0.2222222222222222
840;1.0;0.2222222222222222
841;1.0;0.19999999999999996
842;1.0;0.19999999999999996
843;1.0;0.2727272727272727
844;1.0;0.2727272727272727
845;1.0;0.125
846;1.0;0.36363636363636365
847;1.0;0.36363636363636365
848;1.0;0.18181818181818177
849;1.0;0.25
850;1.0;0.30000000000000004
851;1.0;0.2222222222222222
852;1.0;0.375
853;1.0;0.2857142857142857
854;1.0;0.375
855;1.0;0.2857142857142857
856;1.0;0.33333333333333337
857;1.0;0.25
858;1.0;0.33333333333333337
859;1.0;0.2727272727272727
860;1.0;0.2727272727272727
861;1.0;0.19999999999999996
862;1.0;0.5
863;1.0;0.4444444444444444
864;1.0;0.2727272727272727
865;1.0;0.19999999999999996
866;1.0;0.30000000000000004
867;1.0;0.2222222222222222
868;1.0;0.16666666666666663
869;1.0;0.09999999999999998
870;1.0;0.25
871;1.0;0.15384615384615385
872;1.0;0.2777777777777778
873;1.0;0.2857142857142857
874;1.0;0.2222222222222222
875;1.0;0.4444444444444444
876;1.0;0.6
877;0.9230769230769231;0.5
878;1.0;0.1428571428571429
879;1.0;0.11764705882352944
880;1.0;0.16666666666666663
881;1.0;0.09999999999999998
882;1.0;0.2222222222222222
883;1.0;0.16666666666666663
884;1.0;0.22499999999999998
885;1.0;0.1875
886;1.0;0.1333333333333333
887;1.0;0.07407407407407407
888;1.0;0.07407407407407407
889;1.0;0.09523809523809523
890;1.0;0.09523809523809523
891;1.0;0.19999999999999996
892;0.4444444444444444;0.23529411764705888
893;1.0;0.125
894;0.625;0.2272727272727273
895;1.0;0.6818181818181819
896;0.88;0.6875
897;1.0;0.15000000000000002
898;0.625;0.19999999999999996
899;1.0;0.18181818181818177
900;1.0;0.5
901;0.5454545454545454;0.23076923076923073
902;1.0;0.15384615384615385
903;1.0;0.15384615384615385
904;1.0;0.16666666666666663
905;1.0;0.16666666666666663
906;1.0;0.16666666666666663
907;1.0;0.16666666666666663
908;1.0;0.625
909;1.0;0.625
910;0.7142857142857143;0.4
911;0.7142857142857143;0.4
912;0.75;0.3529411764705882
913;1.0;0.25
914;1.0;0.2727272727272727
915;0.8095238095238095;0.5862068965517242
916;1.0;0.5555555555555556
917;0.92;0.696969696969697
918;1.0;0.3157894736842105
919;1.0;0.1333333333333333
920;1.0;0.1875
921;1.0;0.15384615384615385
922;1.0;0.23076923076923073
923;1.0;0.1428571428571429
924;1.0;0.11111111111111116
925;1.0;0.10526315789473684
926;1.0;0.125
927;1.0;0.15384615384615385
928;1.0;0.11764705882352944
929;1.0;0.07407407407407407
930;1.0;0.25
931;1.0;0.05882352941176472
932;1.0;0.2142857142857143
933;1.0;0.1428571428571429
934;1.0;0.19999999999999996
935;1.0;0.19999999999999996
936;1.0;0.2222222222222222
937;1.0;0.2222222222222222
938;1.0;0.19999999999999996
939;1.0;0.19999999999999996
940;1.0;0.19999999999999996
941;1.0;0.19999999999999996
942;1.0;0.7272727272727273
943;1.0;0.7272727272727273
944;1.0;0.5333333333333333
945;1.0;0.5333333333333333
946;1.0;0.5625
947;1.0;0.8292682926829268
948;1.0;0.5333333333333333
949;0.9523809523809523;0.7142857142857143
950;1.0;0.15000000000000002
951;0.8823529411764706;0.4411764705882353
952;1.0;0.2222222222222222
953;1.0;0.30000000000000004
954;0.8333333333333334;0.33333333333333337
955;1.0;0.4375
956;1.0;0.25
957;1.0;0.33333333333333337
958;0.9;0.6923076923076923
959;0.9;0.6923076923076923
960;0.9375;0.6818181818181819
961;0.8;0.5
962;0.7777777777777778;0.5
963;0.9215686274509804;0.7704918032786885
964;0.6666666666666667;0.18181818181818177
965;0.75;0.375
966;0.92;0.696969696969697
967;0.9285714285714286;0.7222222222222222
968;1.0;0.18181818181818177
969;1.0;0.18181818181818177
970;1.0;0.2857142857142857
971;1.0;0.33333333333333337
972;1.0;0.33333333333333337
973;1.0;0.2142857142857143
974;1.0;0.15384615384615385
975;1.0;0.19999999999999996
976;1.0;0.19999999999999996
977;1.0;0.5714285714285714
978;1.0;0.64
979;1.0;0.5263157894736843
980;1.0;0.5
981;1.0;0.6666666666666667
982;1.0;0.6470588235294117
983;1.0;0.5
984;1.0;0.19999999999999996
985;1.0;0.1333333333333333
986;1.0;0.15384615384615385
987;1.0;0.2857142857142857
988;1.0;0.2857142857142857
989;1.0;0.2857142857142857
990;1.0;0.30000000000000004
991;1.0;0.5
992;1.0;0.11764705882352944
993;1.0;0.11764705882352944
994;1.0;0.18181818181818177
995;1.0;0.09090909090909094
996;1.0;0.25
997;1.0;0.25
998;1.0;0.25
999;1.0;0.47058823529411764
1000;1.0;0.16666666666666663
1001;1.0;0.16666666666666663
1002;1.0;0.625
1003;1.0;0.6842105263157895
1004;1.0;0.375
1005;1.0;0.375
1006;1.0;0.25
1007;1.0;0.25
1008;1.0;0.3571428571428571
1009;0.9;0.4736842105263158
1010;1.0;0.4666666666666667
1011;1.0;0.6799999999999999
1012;1.0;0.47058823529411764
1013;1.0;0.5714285714285714
1014;1.0;0.33333333333333337
1015;1.0;0.33333333333333337
1016;1.0;0.1333333333333333
1017;1.0;0.1333333333333333
1018;1.0;0.19999999999999996
1019;1.0;0.19999999999999996
1020;1.0;0.2222222222222222
1021;1.0;0.2222222222222222
1022;1.0;0.25
1023;1.0;0.18181818181818177
1024;1.0;0.2727272727272727
1025;1.0;0.4666666666666667
1026;1.0;0.4
1027;1.0;0.625
1028;1.0;0.5
1029;1.0;0.46153846153846156
1030;1.0;0.125
1031;1.0;0.16666666666666663
1032;1.0;0.25
1033;1.0;0.5789473684210527
1034;1.0;0.1333333333333333
1035;1.0;0.2857142857142857
1036;1.0;0.5833333333333333
1037;1.0;0.2857142857142857
1038;1.0;0.125
1039;1.0;0.16666666666666663
1040;1.0;0.16666666666666663
1041;1.0;0.05128205128205132
1042;0.7142857142857143;0.13888888888888884
1043;1.0;0.1333333333333333
1044;1.0;0.05405405405405406
1045;1.0;0.30434782608695654
1046;1.0;0.18181818181818177
1047;1.0;0.3076923076923077
1048;1.0;0.25
1049;1.0;0.25
1050;1.0;0.25
1051;1.0;0.25
1052;1.0;0.2727272727272727
1053;1.0;0.7419354838709677
1054;1.0;0.33333333333333337
1055;1.0;0.19999999999999996
1056;1.0;0.25
1057;1.0;0.25
1058;1.0;0.33333333333333337
1059;1.0;0.33333333333333337
1060;1.0;0.8367346938775511
1061;1.0;0.625
1062;1.0;0.625
1063;1.0;0.18181818181818177
1064;1.0;0.18181818181818177
1065;1.0;0.19999999999999996
1066;1.0;0.19999999999999996
1067;1.0;0.16666666666666663
1068;1.0;0.16666666666666663
1069;1.0;0.4666666666666667
1070;1.0;0.4666666666666667
1071;1.0;0.4117647058823529
1072;1.0;0.375
1073;1.0;0.5
1074;0.6;0.3157894736842105
1075;1.0;0.16666666666666663
1076;1.0;0.16666666666666663
1077;1.0;0.38888888888888884
1078;0.8571428571428572;0.33333333333333337
1079;0.7;0.368421052631579
1080;1.0;0.5263157894736843
1081;1.0;0.5
1082;1.0;0.5
1083;1.0;0.2222222222222222
1084;1.0;0.33333333333333337
1085;1.0;0.3846153846153846
1086;1.0;0.25
1087;1.0;0.6071428571428572
1088;0.8333333333333334;0.6875
1089;1.0;0.7916666666666666
1090;1.0;0.16666666666666663
1091;1.0;0.09999999999999998
1092;1.0;0.05128205128205132
1093;1.0;0.16666666666666663
1094;1.0;0.17647058823529416
1095;1.0;0.125
1096;1.0;0.30000000000000004
1097;1.0;0.2222222222222222
1098;1.0;0.30000000000000004
1099;1.0;0.2222222222222222
1100;1.0;0.4285714285714286
1101;1.0;0.3846153846153846
1102;1.0;0.2727272727272727
1103;1.0;0.19999999999999996
1104;1.0;0.4117647058823529
1105;1.0;0.2857142857142857
1106;1.0;0.2142857142857143
1107;1.0;0.15384615384615385
1108;1.0;0.2727272727272727
1109;1.0;0.19999999999999996
1110;0.9;0.7297297297297297
1111;0.88;0.6875
1112;1.0;0.6363636363636364
1113;1.0;0.4117647058823529
1114;1.0;0.3157894736842105
1115;1.0;0.8125
1116;1.0;0.2222222222222222
1117;1.0;0.16666666666666663
1118;1.0;0.2857142857142857
1119;1.0;0.125
1120;1.0;0.16666666666666663
1121;1.0;0.2222222222222222
1122;1.0;0.08695652173913049
1123;1.0;0.09999999999999998
1124;1.0;0.04761904761904767
1125;1.0;0.5
1126;1.0;0.15384615384615385
1127;1.0;0.0714285714285714
1128;1.0;0.375
1129;1.0;0.2857142857142857
1130;1.0;0.33333333333333337
1131;1.0;0.25
1132;1.0;0.2727272727272727
1133;1.0;0.19999999999999996
1134;1.0;0.2727272727272727
1135;1.0;0.19999999999999996
1136;1.0;0.33333333333333337
1137;1.0;0.2727272727272727
1138;1.0;0.2727272727272727
1139;1.0;0.19999999999999996
1140;1.0;0.30000000000000004
1141;1.0;0.30000000000000004
1142;1.0;0.2222222222222222
1143;1.0;0.2727272727272727
1144;1.0;0.19999999999999996
1145;1.0;0.19999999999999996
1146;1.0;0.19999999999999996
1147;1.0;0.18181818181818177
1148;1.0;0.18181818181818177
1149;1.0;0.18181818181818177
1150;1.0;0.18181818181818177
1151;1.0;0.1875
1152;1.0;0.1875
1153;1.0;0.19999999999999996
1154;1.0;0.19999999999999996
1155;1.0;0.18181818181818177
1156;1.0;0.18181818181818177
1157;1.0;0.375
1158;1.0;0.375
1159;1.0;0.09523809523809523
1160;1.0;0.4482758620689655
1161;1.0;0.15384615384615385
1162;1.0;0.5
1163;1.0;0.4
1164;1.0;0.25
1165;1.0;0.2222222222222222
1166;1.0;0.09523809523809523
1167;1.0;0.1428571428571429
1168;1.0;0.18181818181818177
1169;1.0;0.19999999999999996
1170;1.0;0.2222222222222222
1171;1.0;0.5454545454545454
1172;1.0;0.2857142857142857
1173;1.0;0.4736842105263158
1174;1.0;0.16666666666666663
1175;0.75;0.36
1176;1.0;0.1333333333333333
1177;1.0;0.4375
1178;1.0;0.3076923076923077
1179;0.8571428571428572;0.5714285714285714
1180;0.8888888888888888;0.64
1181;1.0;0.7058823529411764
1182;1.0;0.5
1183;1.0;0.631578947368421
1184;1.0;0.7083333333333333
1185;0.8666666666666667;0.43333333333333335
1186;0.8666666666666667;0.43333333333333335
1187;1.0;0.15000000000000002
1188;1.0;0.15000000000000002
1189;1.0;0.1428571428571429
1190;1.0;0.19999999999999996
1191;1.0;0.2857142857142857
1192;1.0;0.375
1193;1.0;0.2222222222222222
1194;1.0;0.30000000000000004
1195;1.0;0.2222222222222222
1196;1.0;0.2666666666666667
1197;0.6875;0.40740740740740744
1198;1.0;0.18181818181818177
1199;0.85;0.5862068965517242
1200;1.0;0.3076923076923077
1201;1.0;0.16666666666666663
1202;1.0;0.23076923076923073
1203;0.6153846153846154;0.33333333333333337
1204;0.5384615384615384;0.30434782608695654
1205;0.5555555555555556;0.2941176470588235
1206;1.0;0.41666666666666663
1207;0.75;0.48
1208;1.0;0.1428571428571429
1209;1.0;0.3571428571428571
1210;1.0;0.16666666666666663
1211;0.8823529411764706;0.6
1212;1.0;0.3125
1213;1.0;0.1333333333333333
1214;1.0;0.11111111111111116
1215;1.0;0.2857142857142857
1216;1.0;0.7878787878787878
1217;1.0;0.125
1218;1.0;0.09999999999999998
1219;1.0;0.15384615384615385
1220;1.0;0.07692307692307687
1221;1.0;0.11111111111111116
1222;1.0;0.08333333333333337
1223;1.0;0.11111111111111116
1224;1.0;0.16666666666666663
1225;1.0;0.16666666666666663
1226;1.0;0.2222222222222222
1227;1.0;0.2222222222222222
1228;1.0;0.2222222222222222
1229;1.0;0.2222222222222222
1230;1.0;0.7
1231;1.0;0.76
1232;1.0;0.33333333333333337
1233;1.0;0.2857142857142857
1234;1.0;0.41666666666666663
1235;1.0;0.41666666666666663
1236;1.0;0.47619047619047616
1237;1.0;0.15384615384615385
1238;1.0;0.5625
1239;1.0;0.5483870967741935
1240;1.0;0.31999999999999995
1241;1.0;0.19047619047619047
1242;1.0;0.25
1243;1.0;0.33333333333333337
1244;1.0;0.19999999999999996
1245;1.0;0.19999999999999996
1246;1.0;0.2857142857142857
1247;1.0;0.5833333333333333
1248;1.0;0.5384615384615384
1249;1.0;0.4
1250;0.5;0.2666666666666667
1251;0.4285714285714286;0.2142857142857143
1252;1.0;0.7222222222222222
1253;1.0;0.7222222222222222
1254;1.0;0.5263157894736843
1255;1.0;0.25
1256;1.0;0.19999999999999996
1257;1.0;0.6190476190476191
1258;1.0;0.25
1259;1.0;0.33333333333333337
1260;1.0;0.33333333333333337
1261;1.0;0.19999999999999996
1262;1.0;0.19999999999999996
1263;1.0;0.33333333333333337
1264;1.0;0.33333333333333337
1265;1.0;0.1428571428571429
1266;1.0;0.1428571428571429
1267;1.0;0.5
1268;1.0;0.19999999999999996
1269;1.0;0.19999999999999996
1270;1.0;0.4444444444444444
1271;1.0;0.4444444444444444
1272;1.0;0.6190476190476191
1273;1.0;0.4285714285714286
1274;1.0;0.15384615384615385
1275;1.0;0.15384615384615385
1276;1.0;0.16666666666666663
1277;1.0;0.16666666666666663
1278;1.0;0.2222222222222222
1279;1.0;0.2222222222222222
1280;1.0;0.2857142857142857
1281;1.0;0.2727272727272727
1282;1.0;0.19999999999999996
1283;1.0;0.2777777777777778
1284;1.0;0.23529411764705888
1285;1.0;0.16666666666666663
1286;1.0;0.6190476190476191
1287;1.0;0.5789473684210527
1288;1.0;0.25
1289;1.0;0.25
1290;1.0;0.2222222222222222
1291;1.0;0.2222222222222222
1292;1.0;0.19999999999999996
1293;1.0;0.19999999999999996
1294;1.0;0.2222222222222222
1295;1.0;0.2222222222222222
1296;1.0;0.15384615384615385
1297;1.0;0.5
1298;1.0;0.4666666666666667
1299;1.0;0.19999999999999996
1300;1.0;0.19999999999999996
1301;1.0;0.2857142857142857
1302;1.0;0.2857142857142857
1303;1.0;0.1333333333333333
1304;1.0;0.1333333333333333
1305;1.0;0.15384615384615385
1306;1.0;0.36363636363636365
1307;1.0;0.33333333333333337
1308;1.0;0.25
1309;1.0;0.16666666666666663
1310;1.0;0.3571428571428571
1311;1.0;0.18181818181818177
1312;1.0;0.11764705882352944
1313;1.0;0.16666666666666663
1314;1.0;0.15384615384615385
1315;1.0;0.07999999999999996
1316;1.0;0.06896551724137934
1317;1.0;0.15384615384615385
1318;1.0;0.15384615384615385
1319;1.0;0.2222222222222222
1320;1.0;0.2222222222222222
1321;1.0;0.18181818181818177
1322;1.0;0.25
1323;1.0;0.2727272727272727
1324;1.0;0.2727272727272727
1325;1.0;0.5
1326;1.0;0.7058823529411764
1327;1.0;0.2222222222222222
1328;1.0;0.2222222222222222
1329;1.0;0.2272727272727273
1330;1.0;0.3928571428571429
1331;1.0;0.15384615384615385
1332;1.0;0.15384615384615385
1333;1.0;0.5909090909090908
1334;1.0;0.64
1335;1.0;0.11764705882352944
1336;1.0;0.15384615384615385
1337;1.0;0.11111111111111116
1338;1.0;0.18181818181818177
1339;1.0;0.10526315789473684
1340;1.0;0.19999999999999996
1341;1.0;0.375
1342;1.0;0.11764705882352944
1343;1.0;0.15384615384615385
1344;1.0;0.25
1345;1.0;0.1071428571428571
1346;1.0;0.09090909090909094
1347;1.0;0.6428571428571428
1348;1.0;0.5384615384615384
1349;1.0;0.23076923076923073
1350;1.0;0.16666666666666663
1351;1.0;0.33333333333333337
1352;1.0;0.25
1353;1.0;0.33333333333333337
1354;1.0;0.25
1355;1.0;0.5
1356;1.0;0.4285714285714286
1357;1.0;0.46153846153846156
1358;1.0;0.41666666666666663
1359;1.0;0.2857142857142857
1360;1.0;0.23076923076923073
1361;1.0;0.30000000000000004
1362;1.0;0.2222222222222222
1363;1.0;0.33333333333333337
1364;0.75;0.30000000000000004
1365;1.0;0.30000000000000004
1366;1.0;0.30000000000000004
1367;0.9;0.5294117647058824
1368;1.0;0.2222222222222222
1369;1.0;0.5555555555555556
1370;1.0;0.19999999999999996
1371;1.0;0.4
1372;1.0;0.18181818181818177
1373;1.0;0.7142857142857143
1374;1.0;0.8095238095238095
1375;1.0;0.23076923076923073
1376;0.75;0.2142857142857143
1377;1.0;0.2142857142857143
1378;0.8571428571428572;0.48
1379;1.0;0.4285714285714286
1380;1.0;0.7333333333333334
1381;1.0;0.23076923076923073
1382;1.0;0.4117647058823529
1383;0.8823529411764706;0.4545454545454546
1384;1.0;0.2222222222222222
1385;1.0;0.2222222222222222
1386;1.0;0.25
1387;1.0;0.25
1388;1.0;0.2222222222222222
1389;1.0;0.2222222222222222
1390;1.0;0.1428571428571429
1391;1.0;0.1428571428571429
1392;1.0;0.41666666666666663
1393;1.0;0.41666666666666663
1394;1.0;0.6111111111111112
1395;1.0;0.5
1396;1.0;0.5
1397;1.0;0.782608695652174
1398;1.0;0.375
1399;1.0;0.375
1400;1.0;0.16666666666666663
1401;1.0;0.16666666666666663
1402;1.0;0.11111111111111116
1403;1.0;0.4545454545454546
1404;0.7;0.38888888888888884
1405;1.0;0.30000000000000004
1406;0.6666666666666667;0.25
1407;1.0;0.2222222222222222
1408;1.0;0.19999999999999996
1409;1.0;0.15384615384615385
1410;1.0;0.125
1411;1.0;0.1428571428571429
1412;1.0;0.07692307692307687
1413;1.0;0.08333333333333337
1414;1.0;0.15384615384615385
1415;1.0;0.15384615384615385
1416;1.0;0.18181818181818177
1417;1.0;0.18181818181818177
1418;1.0;0.18181818181818177
1419;1.0;0.18181818181818177
1420;1.0;0.19999999999999996
1421;1.0;0.19999999999999996
1422;1.0;0.4545454545454546
1423;1.0;0.4545454545454546
1424;1.0;0.25
1425;1.0;0.25
1426;1.0;0.3125
1427;1.0;0.15384615384615385
1428;1.0;0.30000000000000004
1429;1.0;0.2222222222222222
1430;1.0;0.4117647058823529
1431;1.0;0.15384615384615385
1432;1.0;0.2666666666666667
1433;1.0;0.25
1434;1.0;0.25
1435;1.0;0.2222222222222222
1436;1.0;0.2222222222222222
1437;1.0;0.6153846153846154
1438;1.0;0.4444444444444444
1439;0.8888888888888888;0.5
1440;1.0;0.36363636363636365
1441;0.8888888888888888;0.5333333333333333
1442;1.0;0.4
1443;1.0;0.2857142857142857
1444;1.0;0.5454545454545454
1445;1.0;0.2222222222222222
1446;1.0;0.30000000000000004
1447;1.0;0.25
1448;1.0;0.33333333333333337
1449;1.0;0.1578947368421053
1450;1.0;0.30000000000000004
1451;1.0;0.18181818181818177
1452;1.0;0.18181818181818177
1453;1.0;0.2857142857142857
1454;1.0;0.1428571428571429
1455;1.0;0.04761904761904767
1456;1.0;0.08695652173913049
1457;1.0;0.07999999999999996
1458;1.0;0.9019607843137255
1459;1.0;0.25
1460;1.0;0.25
1461;1.0;0.18181818181818177
1462;1.0;0.18181818181818177
1463;1.0;0.15384615384615385
1464;1.0;0.15384615384615385
1465;1.0;0.2666666666666667
1466;1.0;0.2666666666666667
1467;1.0;0.2142857142857143
1468;1.0;0.15384615384615385
1469;1.0;0.25
1470;1.0;0.25
1471;1.0;0.1428571428571429
1472;1.0;0.1428571428571429
1473;1.0;0.18181818181818177
1474;1.0;0.18181818181818177
1475;1.0;0.15384615384615385
1476;1.0;0.15384615384615385
1477;1.0;0.18181818181818177
1478;1.0;0.16666666666666663
1479;1.0;0.19999999999999996
1480;1.0;0.18181818181818177
1481;1.0;0.07407407407407407
1482;1.0;0.25
1483;1.0;0.18181818181818177
1484;1.0;0.19999999999999996
1485;1.0;0.18181818181818177
1486;1.0;0.15384615384615385
1487;1.0;0.2222222222222222
1488;1.0;0.33333333333333337
1489;0.875;0.35
1490;1.0;0.1333333333333333
1491;1.0;0.1333333333333333
1492;1.0;0.18181818181818177
1493;1.0;0.1333333333333333
1494;1.0;0.125
1495;1.0;0.2857142857142857
1496;1.0;0.2857142857142857
1497;1.0;0.2857142857142857
1498;1.0;0.2857142857142857
1499;1.0;0.25
1500;1.0;0.33333333333333337
1501;1.0;0.33333333333333337
1502;1.0;0.2222222222222222
1503;1.0;0.2222222222222222
1504;1.0;0.5882352941176471
1505;1.0;0.5882352941176471
1506;1.0;0.33333333333333337
1507;1.0;0.33333333333333337
1508;1.0;0.15384615384615385
1509;1.0;0.15384615384615385
1510;1.0;0.30000000000000004
1511;1.0;0.30000000000000004
1512;1.0;0.19999999999999996
1513;1.0;0.33333333333333337
1514;1.0;0.09523809523809523
1515;1.0;0.18181818181818177
1516;1.0;0.18181818181818177
1517;1.0;0.19999999999999996
1518;1.0;0.1428571428571429
1519;1.0;0.11764705882352944
1520;1.0;0.11764705882352944
1521;1.0;0.25
1522;1.0;0.33333333333333337
1523;1.0;0.1333333333333333
1524;1.0;0.33333333333333337
1525;1.0;0.11764705882352944
1526;1.0;0.09375
1527;1.0;0.4444444444444444
1528;1.0;0.33333333333333337
1529;1.0;0.1428571428571429
1530;1.0;0.1428571428571429
1531;0.7857142857142857;0.43999999999999995
1532;1.0;0.3125
1533;1.0;0.2222222222222222
1534;0.8;0.33333333333333337
1535;1.0;0.23076923076923073
1536;1.0;0.23076923076923073
1537;1.0;0.4444444444444444
1538;1.0;0.4444444444444444
1539;1.0;0.3076923076923077
1540;1.0;0.19999999999999996
1541;1.0;0.19999999999999996
1542;1.0;0.09523809523809523
1543;1.0;0.34615384615384615
1544;1.0;0.19047619047619047
1545;1.0;0.33333333333333337
1546;1.0;0.18181818181818177
1547;1.0;0.18181818181818177
1548;1.0;0.19999999999999996
1549;1.0;0.15384615384615385
1550;1.0;0.10526315789473684
1551;1.0;0.07692307692307687
1552;1.0;0.2222222222222222
1553;1.0;0.1428571428571429
1554;1.0;0.2222222222222222
1555;1.0;0.2222222222222222
1556;1.0;0.2222222222222222
1557;1.0;0.16666666666666663
1558;1.0;0.3571428571428571
1559;1.0;0.4545454545454546
1560;0.8333333333333334;0.33333333333333337
1561;1.0;0.1333333333333333
1562;1.0;0.1333333333333333
1563;1.0;0.25
1564;1.0;0.25
1565;1.0;0.15384615384615385
1566;1.0;0.375
1567;1.0;0.3846153846153846
1568;1.0;0.2727272727272727
1569;1.0;0.4
1570;1.0;0.2222222222222222
1571;1.0;0.26315789473684215
1572;1.0;0.19999999999999996
1573;1.0;0.11111111111111116
1574;1.0;0.33333333333333337
1575;1.0;0.19999999999999996
1576;1.0;0.33333333333333337
1577;1.0;0.1428571428571429
1578;1.0;0.25
1579;1.0;0.3571428571428571
1580;1.0;0.07692307692307687
1581;1.0;0.13636363636363635
1582;1.0;0.19999999999999996
1583;1.0;0.16666666666666663
1584;1.0;0.16666666666666663
1585;0.8461538461538461;0.55
1586;1.0;0.2222222222222222
1587;1.0;0.1333333333333333
1588;1.0;0.1333333333333333
1589;1.0;0.25
1590;1.0;0.25
1591;1.0;0.375
1592;1.0;0.375
1593;1.0;0.25
1594;1.0;0.25
1595;1.0;0.10526315789473684
1596;1.0;0.10526315789473684
1597;1.0;0.19999999999999996
1598;1.0;0.18181818181818177
1599;1.0;0.18181818181818177
1600;1.0;0.2222222222222222
1601;1.0;0.125
1602;1.0;0.125
1603;1.0;0.6153846153846154
1604;0.8181818181818181;0.3913043478260869
1605;0.5555555555555556;0.2941176470588235
1606;1.0;0.2727272727272727
1607;0.36363636363636365;0.19047619047619047
1608;1.0;0.23076923076923073
1609;0.4666666666666667;0.25
1610;1.0;0.1333333333333333
1611;0.8888888888888888;0.5333333333333333
1612;1.0;0.4
1613;1.0;0.19999999999999996
1614;1.0;0.19999999999999996
1615;1.0;0.25
1616;1.0;0.25
1617;1.0;0.2222222222222222
1618;1.0;0.2222222222222222
1619;1.0;0.2222222222222222
1620;1.0;0.2222222222222222
1621;1.0;0.25
1622;1.0;0.18181818181818177
1623;1.0;0.16666666666666663
1624;1.0;0.16666666666666663
1625;0.6;0.3913043478260869
1626;1.0;0.2666666666666667
1627;1.0;0.2142857142857143
1628;1.0;0.2222222222222222
1629;1.0;0.2222222222222222
1630;1.0;0.15384615384615385
1631;1.0;0.15384615384615385
1632;1.0;0.125
1633;1.0;0.125
1634;1.0;0.15384615384615385
1635;1.0;0.15384615384615385
1636;0.75;0.4
1637;1.0;0.36363636363636365
1638;0.5833333333333333;0.31818181818181823
1639;1.0;0.16666666666666663
1640;1.0;0.2222222222222222
1641;0.6363636363636364;0.33333333333333337
1642;1.0;0.16666666666666663
1643;0.375;0.2068965517241379
1644;1.0;0.23529411764705888
1645;0.5909090909090908;0.3513513513513513
1646;1.0;0.11764705882352944
1647;1.0;0.11764705882352944
1648;1.0;0.16666666666666663
1649;1.0;0.15384615384615385
1650;1.0;0.16666666666666663
1651;1.0;0.11111111111111116
1652;1.0;0.16666666666666663
1653;1.0;0.125
1654;1.0;0.11764705882352944
1655;1.0;0.11764705882352944
1656;1.0;0.125
1657;1.0;0.0625
1658;1.0;0.25
1659;1.0;0.41666666666666663
1660;1.0;0.1428571428571429
1661;1.0;0.11764705882352944
1662;1.0;0.18181818181818177
1663;1.0;0.3846153846153846
1664;1.0;0.1428571428571429
1665;1.0;0.2222222222222222
1666;1.0;0.25
1667;1.0;0.16666666666666663
1668;1.0;0.125
1669;1.0;0.16666666666666663
1670;0.875;0.38888888888888884
1671;1.0;0.19999999999999996
1672;1.0;0.19999999999999996
1673;1.0;0.2222222222222222
1674;1.0;0.2222222222222222
1675;1.0;0.2727272727272727
1676;1.0;0.2727272727272727
1677;1.0;0.5
1678;1.0;0.78125
1679;1.0;0.3571428571428571
1680;1.0;0.2222222222222222
1681;1.0;0.4444444444444444
1682;1.0;0.4444444444444444
1683;1.0;0.41666666666666663
1684;1.0;0.18181818181818177
1685;1.0;0.18181818181818177
1686;1.0;0.15384615384615385
1687;1.0;0.15384615384615385
1688;1.0;0.2222222222222222
1689;1.0;0.2222222222222222
1690;0.7777777777777778;0.56
1691;1.0;0.6111111111111112
1692;0.5384615384615384;0.30434782608695654
1693;1.0;0.2857142857142857
1694;0.75;0.48
1695;1.0;0.47058823529411764
1696;1.0;0.6206896551724138
1697;1.0;0.6071428571428572
1698;0.6111111111111112;0.3928571428571429
1699;1.0;0.6666666666666667
1700;0.6428571428571428;0.31034482758620685
1701;1.0;0.16666666666666663
1702;1.0;0.1428571428571429
1703;1.0;0.1428571428571429
1704;1.0;0.18181818181818177
1705;1.0;0.18181818181818177
1706;1.0;0.16666666666666663
1707;1.0;0.16666666666666663
1708;1.0;0.18181818181818177
1709;1.0;0.18181818181818177
1710;1.0;0.25
1711;1.0;0.25
1712;1.0;0.2857142857142857
1713;1.0;0.2857142857142857
1714;1.0;0.4
1715;1.0;0.3076923076923077
1716;1.0;0.3076923076923077
1717;1.0;0.4285714285714286
1718;1.0;0.2727272727272727
1719;1.0;0.2222222222222222
1720;1.0;0.1428571428571429
1721;1.0;0.15384615384615385
1722;1.0;0.36363636363636365
1723;1.0;0.16666666666666663
1724;1.0;0.3125
1725;1.0;0.2222222222222222
1726;1.0;0.16666666666666663
1727;0.41666666666666663;0.2272727272727273
1728;1.0;0.25
1729;1.0;0.16666666666666663
1730;1.0;0.18181818181818177
1731;1.0;0.2222222222222222
1732;1.0;0.19999999999999996
1733;1.0;0.1428571428571429
1734;1.0;0.16666666666666663
1735;1.0;0.1428571428571429
1736;1.0;0.09523809523809523
1737;1.0;0.07999999999999996
1738;1.0;0.06896551724137934
1739;1.0;0.30000000000000004
1740;1.0;0.2222222222222222
1741;1.0;0.19999999999999996
1742;1.0;0.1428571428571429
1743;1.0;0.25
1744;1.0;0.18181818181818177
1745;1.0;0.55
1746;1.0;0.55
1747;1.0;0.19999999999999996
1748;1.0;0.19999999999999996
1749;1.0;0.33333333333333337
1750;1.0;0.3846153846153846
1751;0.8888888888888888;0.6153846153846154
1752;0.75;0.5625
1753;1.0;0.2941176470588235
1754;1.0;0.33333333333333337
1755;1.0;0.4117647058823529
1756;1.0;0.25
1757;1.0;0.25
1758;1.0;0.2857142857142857
1759;1.0;0.2857142857142857
1760;1.0;0.19999999999999996
1761;1.0;0.19999999999999996
1762;0.9166666666666666;0.7096774193548387
1763;1.0;0.41666666666666663
1764;1.0;0.33333333333333337
1765;0.8;0.3846153846153846
1766;0.5454545454545454;0.3157894736842105
1767;1.0;0.33333333333333337
1768;1.0;0.25
1769;1.0;0.25
1770;1.0;0.782608695652174
1771;1.0;0.5454545454545454
1772;1.0;0.2222222222222222
1773;0.75;0.1071428571428571
1774;1.0;0.15384615384615385
1775;1.0;0.18181818181818177
1776;1.0;0.16666666666666663
1777;1.0;0.125
1778;1.0;0.1333333333333333
1779;1.0;0.19999999999999996
1780;1.0;0.15384615384615385
1781;1.0;0.1333333333333333
1782;1.0;0.18181818181818177
1783;1.0;0.1333333333333333
1784;1.0;0.25
1785;1.0;0.18181818181818177
1786;1.0;0.2222222222222222
1787;1.0;0.2222222222222222
1788;1.0;0.18181818181818177
1789;1.0;0.19999999999999996
1790;1.0;0.18181818181818177
1791;1.0;0.15384615384615385
1792;1.0;0.18181818181818177
1793;1.0;0.15384615384615385
1794;1.0;0.16666666666666663
1795;1.0;0.09523809523809523
1796;1.0;0.19999999999999996
1797;1.0;0.19999999999999996
1798;1.0;0.2222222222222222
1799;1.0;0.2222222222222222
1800;1.0;0.2222222222222222
1801;1.0;0.2222222222222222
1802;1.0;0.5714285714285714
1803;1.0;0.6
1804;1.0;0.19999999999999996
1805;1.0;0.2727272727272727
1806;1.0;0.4545454545454546
1807;1.0;0.4
1808;1.0;0.18181818181818177
1809;1.0;0.18181818181818177
1810;1.0;0.16666666666666663
1811;1.0;0.16666666666666663
1812;1.0;0.18181818181818177
1813;1.0;0.16666666666666663
1814;1.0;0.16666666666666663
1815;1.0;0.16666666666666663
1816;1.0;0.16666666666666663
1817;1.0;0.2222222222222222
1818;1.0;0.2222222222222222
1819;1.0;0.19999999999999996
1820;1.0;0.3846153846153846
1821;1.0;0.25
1822;1.0;0.25
1823;1.0;0.1333333333333333
1824;1.0;0.1333333333333333
1825;1.0;0.09090909090909094
1826;1.0;0.09090909090909094
1827;1.0;0.125
1828;1.0;0.125
1829;1.0;0.2222222222222222
1830;1.0;0.41666666666666663
1831;1.0;0.125
1832;1.0;0.18181818181818177
1833;1.0;0.16666666666666663
1834;1.0;0.19999999999999996
1835;1.0;0.18181818181818177
1836;1.0;0.06666666666666665
1837;1.0;0.09090909090909094
1838;1.0;0.4545454545454546
1839;1.0;0.1333333333333333
1840;1.0;0.18181818181818177
1841;1.0;0.1333333333333333
1842;1.0;0.4285714285714286
1843;1.0;0.15384615384615385
1844;1.0;0.0714285714285714
1845;0.875;0.5384615384615384
1846;1.0;0.25
1847;1.0;0.4
1848;0.8571428571428572;0.46153846153846156
1849;1.0;0.33333333333333337
1850;1.0;0.25
1851;0.5384615384615384;0.29166666666666663
1852;1.0;0.15384615384615385
1853;1.0;0.30000000000000004
1854;1.0;0.631578947368421
1855;1.0;0.5
1856;0.8666666666666667;0.5416666666666667
1857;1.0;0.18181818181818177
1858;1.0;0.18181818181818177
1859;1.0;0.18181818181818177
1860;0.8695652173913043;0.625
1861;1.0;0.5555555555555556
1862;1.0;0.6521739130434783
1863;1.0;0.19999999999999996
1864;0.8571428571428572;0.46153846153846156
1865;1.0;0.2272727272727273
1866;1.0;0.15000000000000002
1867;1.0;0.625
1868;1.0;0.23076923076923073
1869;1.0;0.23076923076923073
1870;1.0;0.1333333333333333
1871;1.0;0.1333333333333333
1872;1.0;0.11111111111111116
1873;1.0;0.11111111111111116
1874;1.0;0.1428571428571429
1875;1.0;0.17647058823529416
1876;1.0;0.33333333333333337
1877;1.0;0.2222222222222222
1878;1.0;0.1428571428571429
1879;1.0;0.16666666666666663
1880;1.0;0.30000000000000004
1881;1.0;0.2727272727272727
1882;1.0;0.33333333333333337
1883;1.0;0.4444444444444444
1884;1.0;0.4
1885;1.0;0.7619047619047619
1886;1.0;0.23076923076923073
1887;1.0;0.25
1888;1.0;0.11111111111111116
1889;1.0;0.375
1890;1.0;0.23076923076923073
1891;1.0;0.1875
1892;1.0;0.25
1893;1.0;0.1578947368421053
1894;0.8;0.3125
1895;1.0;0.18181818181818177
1896;1.0;0.18181818181818177
1897;1.0;0.1428571428571429
1898;1.0;0.1428571428571429
1899;1.0;0.15384615384615385
1900;0.375;0.23529411764705888
1901;0.6666666666666667;0.25
1902;0.8125;0.52
1903;1.0;0.4375
1904;0.4;0.17391304347826086
1905;1.0;0.1333333333333333
1906;0.7;0.368421052631579
1907;1.0;0.3076923076923077
1908;1.0;0.3125
1909;1.0;0.15384615384615385
1910;1.0;0.19999999999999996
1911;1.0;0.2222222222222222
1912;1.0;0.2666666666666667
1913;1.0;0.3846153846153846
1914;1.0;0.19999999999999996
1915;1.0;0.15384615384615385
1916;1.0;0.2222222222222222
1917;1.0;0.2222222222222222
1918;1.0;0.25
1919;1.0;0.25
1920;1.0;0.25
1921;1.0;0.25
1922;1.0;0.15384615384615385
1923;1.0;0.15384615384615385
1924;1.0;0.2222222222222222
1925;1.0;0.2222222222222222
1926;1.0;0.5263157894736843
1927;1.0;0.5
1928;1.0;0.18181818181818177
1929;1.0;0.16666666666666663
1930;1.0;0.16666666666666663
1931;1.0;0.19999999999999996
1932;1.0;0.19999999999999996
1933;1.0;0.19999999999999996
1934;1.0;0.19999999999999996
1935;1.0;0.19999999999999996
1936;1.0;0.19999999999999996
1937;1.0;0.25
1938;1.0;0.25
1939;0.8888888888888888;0.4
1940;0.875;0.368421052631579
1941;1.0;0.4
1942;1.0;0.4
1943;1.0;0.23529411764705888
1944;1.0;0.1875
1945;1.0;0.15384615384615385
1946;1.0;0.19999999999999996
1947;1.0;0.19999999999999996
1948;1.0;0.18181818181818177
1949;1.0;0.2727272727272727
1950;1.0;0.33333333333333337
1951;1.0;0.06451612903225812
1952;1.0;0.07407407407407407
1953;1.0;0.05405405405405406
1954;1.0;0.07407407407407407
1955;1.0;0.18181818181818177
1956;1.0;0.1333333333333333
1957;1.0;0.125
1958;1.0;0.4545454545454546
1959;1.0;0.41666666666666663
1960;1.0;0.17647058823529416
1961;1.0;0.1333333333333333
1962;1.0;0.36363636363636365
1963;1.0;0.18181818181818177
1964;1.0;0.18181818181818177
1965;1.0;0.16666666666666663
1966;1.0;0.18181818181818177
1967;1.0;0.30000000000000004
1968;1.0;0.6666666666666667
1969;1.0;0.4285714285714286
1970;1.0;0.15384615384615385
1971;1.0;0.18181818181818177
1972;1.0;0.16666666666666663
1973;1.0;0.25
1974;1.0;0.25
1975;1.0;0.19999999999999996
1976;1.0;0.19999999999999996
1977;1.0;0.25
1978;1.0;0.25
1979;1.0;0.16666666666666663
1980;1.0;0.16666666666666663
1981;1.0;0.1875
1982;1.0;0.1875
1983;1.0;0.19999999999999996
1984;1.0;0.19999999999999996
1985;1.0;0.19999999999999996
1986;1.0;0.1428571428571429
1987;1.0;0.19999999999999996
1988;1.0;0.46153846153846156
1989;1.0;0.41666666666666663
1990;1.0;0.2222222222222222
1991;1.0;0.19999999999999996
1992;1.0;0.2222222222222222
1993;1.0;0.25
1994;1.0;0.36363636363636365
1995;1.0;0.3571428571428571
1996;1.0;0.3076923076923077
1997;1.0;0.25
1998;1.0;0.19999999999999996
1999;1.0;0.25
2000;1.0;0.25
2001;1.0;0.25
2002;1.0;0.25
2003;1.0;0.19999999999999996
2004;1.0;0.19999999999999996
2005;1.0;0.36363636363636365
2006;1.0;0.36363636363636365
2007;1.0;0.2222222222222222
2008;1.0;0.2222222222222222
2009;1.0;0.4285714285714286
2010;1.0;0.33333333333333337
2011;1.0;0.19999999999999996
2012;1.0;0.19999999999999996
2013;1.0;0.10526315789473684
2014;1.0;0.10526315789473684
2015;1.0;0.19999999999999996
2016;1.0;0.19999999999999996
2017;1.0;0.11111111111111116
2018;1.0;0.18181818181818177
2019;1.0;0.18181818181818177
2020;1.0;0.2857142857142857
2021;1.0;0.2857142857142857
2022;1.0;0.2857142857142857
2023;1.0;0.2857142857142857
2024;1.0;0.2727272727272727
2025;1.0;0.19999999999999996
2026;1.0;0.33333333333333337
2027;1.0;0.5
2028;1.0;0.19999999999999996
2029;1.0;0.19999999999999996
2030;1.0;0.2857142857142857
2031;1.0;0.2857142857142857
2032;1.0;0.15384615384615385
2033;1.0;0.15384615384615385
2034;1.0;0.15384615384615385
2035;1.0;0.15384615384615385
2036;1.0;0.15384615384615385
2037;1.0;0.15384615384615385
2038;1.0;0.16666666666666663
2039;1.0;0.16666666666666663
2040;1.0;0.2222222222222222
2041;1.0;0.2222222222222222
2042;1.0;0.3571428571428571
2043;1.0;0.4
2044;1.0;0.375
2045;1.0;0.375
2046;1.0;0.41666666666666663
2047;1.0;0.41666666666666663
2048;0.7857142857142857;0.6111111111111112
2049;1.0;0.4666666666666667
2050;0.8983050847457628;0.7681159420289855
2051;1.0;0.5238095238095238
2052;1.0;0.18181818181818177
2053;1.0;0.10526315789473684
2054;1.0;0.2222222222222222
2055;0.7277227722772277;0.7135922330097088
2056;1.0;0.2857142857142857
2057;1.0;0.19999999999999996
2058;1.0;0.18181818181818177
2059;1.0;0.18181818181818177
2060;1.0;0.1428571428571429
2061;1.0;0.1428571428571429
2062;1.0;0.19999999999999996
2063;1.0;0.19999999999999996
2064;1.0;0.18181818181818177
2065;1.0;0.18181818181818177
2066;1.0;0.2222222222222222
2067;1.0;0.2222222222222222
2068;1.0;0.4782608695652174
2069;1.0;0.4782608695652174
2070;1.0;0.33333333333333337
2071;1.0;0.33333333333333337
2072;1.0;0.2941176470588235
2073;1.0;0.2941176470588235
2074;0.8;0.5217391304347826
2075;1.0;0.19999999999999996
2076;1.0;0.11538461538461542
2077;1.0;0.11538461538461542
2078;1.0;0.2727272727272727
2079;1.0;0.19999999999999996
2080;1.0;0.30000000000000004
2081;1.0;0.2222222222222222
2082;0.7;0.38888888888888884
2083;0.5454545454545454;0.3157894736842105
2084;1.0;0.2727272727272727
2085;1.0;0.19999999999999996
2086;1.0;0.33333333333333337
2087;0.84;0.6
2088;1.0;0.375
2089;1.0;0.2857142857142857
2090;1.0;0.23076923076923073
2091;1.0;0.16666666666666663
2092;1.0;0.25
2093;0.8;0.42105263157894735
2094;1.0;0.5652173913043479
2095;1.0;0.5238095238095238
2096;1.0;0.23076923076923073
2097;1.0;0.16666666666666663
2098;1.0;0.375
2099;1.0;0.2857142857142857
2100;1.0;0.30000000000000004
2101;1.0;0.2222222222222222
2102;1.0;0.5
2103;1.0;0.46153846153846156
2104;0.9285714285714286;0.52
2105;1.0;0.47619047619047616
2106;0.8;0.5333333333333333
2107;1.0;0.5454545454545454
2108;1.0;0.2142857142857143
2109;1.0;0.15384615384615385
2110;0.75;0.16666666666666663
2111;1.0;0.125
2112;1.0;0.125
2113;1.0;0.19999999999999996
2114;1.0;0.25
2115;1.0;0.19999999999999996
2116;1.0;0.7352941176470589
2117;1.0;0.3571428571428571
2118;1.0;0.5333333333333333
2119;1.0;0.6
2120;1.0;0.2222222222222222
2121;1.0;0.15384615384615385
2122;1.0;0.17647058823529416
2123;0.75;0.40909090909090906
2124;1.0;0.2857142857142857
2125;1.0;0.30000000000000004
2126;1.0;0.2222222222222222
2127;1.0;0.18181818181818177
2128;1.0;0.18181818181818177
2129;1.0;0.5555555555555556
2130;1.0;0.3846153846153846
2131;0.9090909090909091;0.5882352941176471
2132;0.9;0.5625
2133;1.0;0.375
2134;1.0;0.2857142857142857
2135;1.0;0.5384615384615384
2136;1.0;0.33333333333333337
2137;1.0;0.30000000000000004
2138;1.0;0.2222222222222222
2139;1.0;0.16666666666666663
2140;1.0;0.16666666666666663
2141;1.0;0.2857142857142857
2142;1.0;0.2857142857142857
2143;1.0;0.2222222222222222
2144;1.0;0.16666666666666663
2145;1.0;0.16666666666666663
2146;1.0;0.2222222222222222
2147;1.0;0.2222222222222222
2148;1.0;0.30000000000000004
2149;1.0;0.46153846153846156
2150;1.0;0.1428571428571429
2151;1.0;0.1428571428571429
2152;1.0;0.19999999999999996
2153;1.0;0.19999999999999996
2154;1.0;0.19999999999999996
2155;1.0;0.19999999999999996
2156;1.0;0.25
2157;1.0;0.25
2158;1.0;0.1333333333333333
2159;1.0;0.1333333333333333
2160;1.0;0.5454545454545454
2161;1.0;0.375
2162;1.0;0.5294117647058824
2163;1.0;0.2727272727272727
2164;1.0;0.18181818181818177
2165;1.0;0.18181818181818177
2166;1.0;0.4545454545454546
2167;1.0;0.5384615384615384
2168;1.0;0.2857142857142857
2169;1.0;0.23076923076923073
2170;1.0;0.33333333333333337
2171;1.0;0.33333333333333337
2172;1.0;0.2222222222222222
2173;1.0;0.18181818181818177
2174;1.0;0.2222222222222222
2175;1.0;0.25
2176;1.0;0.5
2177;1.0;0.625
2178;1.0;0.2222222222222222
2179;1.0;0.18181818181818177
2180;1.0;0.25
2181;0.6;0.33333333333333337
2182;1.0;0.19999999999999996
2183;0.5;0.26315789473684215
2184;1.0;0.18181818181818177
2185;0.625;0.3125
2186;1.0;0.19999999999999996
2187;0.8571428571428572;0.46153846153846156
2188;1.0;0.33333333333333337
2189;0.8181818181818181;0.4736842105263158
2190;1.0;0.2727272727272727
2191;0.7142857142857143;0.4
2192;1.0;0.3125
2193;0.6363636363636364;0.31818181818181823
2194;1.0;0.15384615384615385
2195;0.8181818181818181;0.4285714285714286
2196;1.0;0.16666666666666663
2197;0.5625;0.31034482758620685
2198;1.0;0.23529411764705888
2199;1.0;0.25
2200;1.0;0.33333333333333337
2201;1.0;0.2222222222222222
2202;1.0;0.30000000000000004
2203;1.0;0.19999999999999996
2204;1.0;0.2727272727272727
2205;1.0;0.25
2206;1.0;0.25
2207;1.0;0.2857142857142857
2208;1.0;0.4444444444444444
2209;1.0;0.2857142857142857
2210;1.0;0.4444444444444444
2211;0.9090909090909091;0.43999999999999995
2212;0.5;0.11764705882352944
2213;1.0;0.1875
2214;1.0;0.11111111111111116
2215;1.0;0.1578947368421053
2216;1.0;0.6428571428571428
2217;0.8947368421052632;0.6296296296296297
2218;1.0;0.2222222222222222
2219;1.0;0.1875
2220;0.6363636363636364;0.35
2221;1.0;0.09090909090909094
2222;1.0;0.1333333333333333
2223;0.5384615384615384;0.30434782608695654
2224;1.0;0.10526315789473684
2225;1.0;0.16666666666666663
2226;0.5384615384615384;0.30434782608695654
2227;1.0;0.1333333333333333
2228;0.4375;0.24137931034482762
2229;1.0;0.1333333333333333
2230;0.5;0.27586206896551724
2231;1.0;0.2857142857142857
2232;0.46153846153846156;0.26086956521739135
2233;0.8;0.6486486486486487
2234;0.7777777777777778;0.6511627906976745
2235;1.0;0.3125
2236;0.625;0.37037037037037035
2237;1.0;0.18181818181818177
2238;0.9;0.4736842105263158
2239;1.0;0.33333333333333337
2240;0.625;0.3571428571428571
2241;1.0;0.5555555555555556
2242;0.7692307692307692;0.5263157894736843
2243;1.0;0.19999999999999996
2244;1.0;0.19999999999999996
2245;1.0;0.15384615384615385
2246;1.0;0.15384615384615385
2247;1.0;0.1333333333333333
2248;1.0;0.1333333333333333
2249;1.0;0.2666666666666667
2250;1.0;0.2666666666666667
2251;1.0;0.19999999999999996
2252;1.0;0.19999999999999996
2253;1.0;0.1578947368421053
2254;1.0;0.19999999999999996
2255;1.0;0.25
2256;1.0;0.25
2257;1.0;0.2857142857142857
2258;1.0;0.2857142857142857
2259;1.0;0.11764705882352944
2260;1.0;0.11764705882352944
2261;1.0;0.19999999999999996
2262;1.0;0.19999999999999996
2263;1.0;0.25
2264;1.0;0.25
2265;1.0;0.18181818181818177
2266;1.0;0.18181818181818177
2267;0.6666666666666667;0.33333333333333337
2268;1.0;0.33333333333333337
2269;1.0;0.1428571428571429
2270;1.0;0.1428571428571429
2271;0.6666666666666667;0.2666666666666667
2272;1.0;0.25
2273;1.0;0.15384615384615385
2274;1.0;0.23076923076923073
2275;0.7777777777777778;0.28
2276;1.0;0.11111111111111116
2277;1.0;0.625
2278;0.5;0.2777777777777778
2279;0.8;0.5
2280;0.8571428571428572;0.5217391304347826
2281;0.7;0.35
2282;0.9090909090909091;0.5882352941176471
2283;0.41666666666666663;0.2272727272727273
2284;1.0;0.47058823529411764
2285;0.6666666666666667;0.4
2286;1.0;0.1875
2287;1.0;0.30000000000000004
2288;1.0;0.1333333333333333
2289;0.4375;0.24137931034482762
2290;1.0;0.16666666666666663
2291;1.0;0.0714285714285714
2292;1.0;0.25
2293;0.31818181818181823;0.1707317073170732
2294;1.0;0.2857142857142857
2295;1.0;0.2857142857142857
2296;1.0;0.2857142857142857
2297;1.0;0.7142857142857143
2298;1.0;0.4117647058823529
2299;1.0;0.41666666666666663
2300;1.0;0.2222222222222222
2301;0.4;0.26315789473684215
2302;1.0;0.5333333333333333
2303;1.0;0.2222222222222222
2304;1.0;0.16666666666666663
2305;1.0;0.2222222222222222
2306;1.0;0.3846153846153846
2307;1.0;0.5714285714285714
2308;1.0;0.5833333333333333
2309;1.0;0.5333333333333333
2310;1.0;0.7241379310344828
2311;1.0;0.15384615384615385
2312;1.0;0.15384615384615385
2313;1.0;0.15384615384615385
2314;1.0;0.15384615384615385
2315;1.0;0.2222222222222222
2316;1.0;0.2222222222222222
2317;1.0;0.11764705882352944
2318;1.0;0.11764705882352944
2319;1.0;0.23076923076923073
2320;1.0;0.23076923076923073
2321;1.0;0.2727272727272727
2322;1.0;0.33333333333333337
2323;1.0;0.2666666666666667
2324;0.33333333333333337;0.16666666666666663
2325;1.0;0.25
2326;0.5555555555555556;0.2941176470588235
2327;1.0;0.19999999999999996
2328;0.875;0.4375
2329;1.0;0.19999999999999996
2330;0.4545454545454546;0.23809523809523814
2331;1.0;0.16666666666666663
2332;0.41666666666666663;0.2272727272727273
2333;1.0;0.2857142857142857
2334;0.9375;0.6
2335;1.0;0.5714285714285714
2336;0.875;0.6774193548387097
2337;1.0;0.41666666666666663
2338;0.7142857142857143;0.3846153846153846
2339;1.0;0.19999999999999996
2340;0.7083333333333333;0.45945945945945943
2341;1.0;0.35
2342;0.6875;0.40740740740740744
2343;1.0;0.38888888888888884
2344;0.7;0.4117647058823529
2345;0.7;0.38888888888888884
2346;0.7692307692307692;0.47619047619047616
2347;0.6666666666666667;0.4
2348;0.8461538461538461;0.55
2349;0.5;0.2592592592592593
2350;0.5454545454545454;0.3157894736842105
2351;0.6666666666666667;0.33333333333333337
2352;0.7272727272727273;0.4
2353;1.0;0.7741935483870968
2354;1.0;0.36363636363636365
2355;1.0;0.25
2356;1.0;0.33333333333333337
2357;1.0;0.18181818181818177
2358;1.0;0.25
2359;1.0;0.375
2360;1.0;0.23076923076923073
2361;1.0;0.2222222222222222
2362;1.0;0.30000000000000004
2363;0.9230769230769231;0.5714285714285714
2364;1.0;0.33333333333333337
2365;1.0;0.19999999999999996
2366;1.0;0.2727272727272727
2367;1.0;0.19999999999999996
2368;1.0;0.19999999999999996
2369;1.0;0.2727272727272727
2370;1.0;0.09523809523809523
2371;1.0;0.2941176470588235
2372;1.0;0.33333333333333337
2373;1.0;0.25
2374;0.8571428571428572;0.46153846153846156
2375;1.0;0.11111111111111116
2376;1.0;0.04347826086956519
2377;1.0;0.15384615384615385
2378;0.6666666666666667;0.36363636363636365
2379;0.625;0.3571428571428571
2380;0.6;0.36
2381;0.6842105263157895;0.43333333333333335
2382;0.6363636363636364;0.35
2383;0.7142857142857143;0.41666666666666663
2384;0.7;0.38888888888888884
2385;0.6923076923076923;0.4285714285714286
2386;0.875;0.5833333333333333
2387;1.0;0.2727272727272727
2388;1.0;0.5294117647058824
2389;1.0;0.19999999999999996
2390;0.5882352941176471;0.3448275862068966
2391;1.0;0.23076923076923073
2392;0.8636363636363636;0.59375
2393;0.8181818181818181;0.44999999999999996
2394;0.8181818181818181;0.44999999999999996
2395;1.0;0.26315789473684215
2396;0.7916666666666666;0.5
2397;0.7142857142857143;0.37037037037037035
2398;1.0;0.23076923076923073
2399;0.9333333333333333;0.56
2400;1.0;0.6666666666666667
2401;1.0;0.6666666666666667
2402;1.0;0.36363636363636365
2403;1.0;0.36363636363636365
2404;1.0;0.6666666666666667
2405;0.9166666666666666;0.7096774193548387
2406;0.9444444444444444;0.6071428571428572
2407;1.0;0.4
2408;1.0;0.36363636363636365
2409;1.0;0.08333333333333337
2410;1.0;0.09523809523809523
2411;0.6923076923076923;0.375
2412;1.0;0.08695652173913049
2413;1.0;0.125
2414;1.0;0.1333333333333333
2415;1.0;0.16666666666666663
2416;1.0;0.16666666666666663
2417;1.0;0.1428571428571429
2418;1.0;0.1428571428571429
2419;1.0;0.08333333333333337
2420;1.0;0.08333333333333337
2421;1.0;0.19999999999999996
2422;1.0;0.19999999999999996
2423;0.9;0.2142857142857143
2424;1.0;0.08571428571428574
2425;0.75;0.08333333333333337
2426;1.0;0.05882352941176472
2427;1.0;0.3125
2428;1.0;0.3529411764705882
2429;0.8571428571428572;0.3529411764705882
2430;1.0;0.0444444444444444
2431;1.0;0.0444444444444444
2432;0.5454545454545454;0.30000000000000004
2433;0.7272727272727273;0.4
2434;0.5;0.28
2435;0.5;0.28
2436;0.41666666666666663;0.2272727272727273
2437;0.41666666666666663;0.2272727272727273
2438;0.8333333333333334;0.5263157894736843
2439;0.8461538461538461;0.55
2440;0.2592592592592593;0.12962962962962965
2441;0.7037037037037037;0.35185185185185186
2442;0.95;0.7307692307692308
2443;0.9333333333333333;0.6666666666666667
2444;0.75;0.48
2445;0.9090909090909091;0.5
2446;1.0;0.5714285714285714
2447;1.0;0.5769230769230769
2448;0.4545454545454546;0.23809523809523814
2449;1.0;0.16666666666666663
2450;0.75;0.4285714285714286
2451;1.0;0.25
2452;0.55;0.3142857142857143
2453;1.0;0.11764705882352944
2454;0.8157894736842105;0.6326530612244898
2455;0.9090909090909091;0.6060606060606061
2456;0.8421052631578947;0.5
2457;1.0;0.1875
2458;0.7058823529411764;0.4444444444444444
2459;1.0;0.23076923076923073
2460;0.5625;0.34615384615384615
2461;1.0;0.4117647058823529
2462;0.4545454545454546;0.2857142857142857
2463;1.0;0.16666666666666663
2464;0.5714285714285714;0.36363636363636365
2465;1.0;0.368421052631579
2466;1.0;0.1428571428571429
2467;1.0;0.25
2468;1.0;0.2857142857142857
2469;1.0;0.4
2470;1.0;0.23529411764705888
2471;1.0;0.25
2472;1.0;0.2857142857142857
2473;1.0;0.6799999999999999
2474;1.0;0.1333333333333333
2475;1.0;0.3529411764705882
2476;1.0;0.13043478260869568
2477;1.0;0.16666666666666663
2478;1.0;0.16666666666666663
2479;1.0;0.1428571428571429
2480;1.0;0.1428571428571429
2481;1.0;0.19999999999999996
2482;1.0;0.19999999999999996
2483;1.0;0.4
2484;1.0;0.25
2485;1.0;0.125
2486;0.8823529411764706;0.4838709677419355
2487;1.0;0.1428571428571429
2488;1.0;0.1428571428571429
2489;0.8461538461538461;0.4782608695652174
2490;1.0;0.4117647058823529
2491;1.0;0.07999999999999996
2492;1.0;0.1428571428571429
2493;1.0;0.1428571428571429
2494;1.0;0.16666666666666663
2495;1.0;0.16666666666666663
2496;1.0;0.19999999999999996
2497;1.0;0.19999999999999996
2498;1.0;0.18181818181818177
2499;1.0;0.18181818181818177
2500;1.0;0.2142857142857143
2501;1.0;0.2142857142857143
2502;1.0;0.2142857142857143
2503;1.0;0.2142857142857143
2504;1.0;0.5882352941176471
2505;1.0;0.30000000000000004
2506;1.0;0.19999999999999996
2507;1.0;0.19999999999999996
2508;1.0;0.16666666666666663
2509;1.0;0.16666666666666663
2510;1.0;0.19999999999999996
2511;1.0;0.19999999999999996
2512;0.6363636363636364;0.35
2513;1.0;0.25
2514;1.0;0.19999999999999996
2515;1.0;0.2142857142857143
2516;1.0;0.038461538461538436
2517;1.0;0.09090909090909094
2518;1.0;0.19999999999999996
2519;0.6666666666666667;0.4
2520;1.0;0.2857142857142857
2521;0.875;0.5384615384615384
2522;1.0;0.2222222222222222
2523;0.7;0.4117647058823529
2524;1.0;0.3076923076923077
2525;0.7;0.368421052631579
2526;1.0;0.5555555555555556
2527;0.8333333333333334;0.5769230769230769
2528;1.0;0.6
2529;0.8461538461538461;0.5789473684210527
2530;1.0;0.5294117647058824
2531;0.9473684210526316;0.6666666666666667
2532;1.0;0.375
2533;0.8888888888888888;0.5714285714285714
2534;1.0;0.19999999999999996
2535;0.5454545454545454;0.3157894736842105
2536;1.0;0.16666666666666663
2537;0.5384615384615384;0.30434782608695654
2538;1.0;0.16666666666666663
2539;0.5384615384615384;0.30434782608695654
2540;1.0;0.25
2541;0.8;0.5
2542;1.0;0.33333333333333337
2543;0.8;0.4444444444444444
2544;1.0;0.5
2545;0.7692307692307692;0.5
2546;1.0;0.2222222222222222
2547;0.8;0.47058823529411764
2548;1.0;0.29166666666666663
2549;0.5238095238095238;0.2894736842105263
2550;1.0;0.2727272727272727
2551;0.6666666666666667;0.4
2552;1.0;0.4285714285714286
2553;0.6666666666666667;0.4
2554;1.0;0.4285714285714286
2555;1.0;0.19999999999999996
2556;0.8571428571428572;0.6785714285714286
2557;0.8636363636363636;0.6896551724137931
2558;0.7647058823529411;0.5
2559;0.7647058823529411;0.5
2560;1.0;0.2222222222222222
2561;1.0;0.30000000000000004
2562;1.0;0.18181818181818177
2563;1.0;0.4
2564;1.0;0.19999999999999996
2565;1.0;0.2727272727272727
2566;1.0;0.6071428571428572
2567;1.0;0.6071428571428572
2568;0.8571428571428572;0.5
2569;1.0;0.4444444444444444
2570;1.0;0.18181818181818177
2571;1.0;0.18181818181818177
2572;1.0;0.19999999999999996
2573;1.0;0.19999999999999996
2574;1.0;0.15384615384615385
2575;1.0;0.15384615384615385
2576;1.0;0.3571428571428571
2577;1.0;0.3076923076923077
2578;1.0;0.23076923076923073
2579;1.0;0.15384615384615385
2580;1.0;0.15384615384615385
2581;1.0;0.25
2582;1.0;0.25
2583;0.9166666666666666;0.45833333333333337
2584;0.9090909090909091;0.4347826086956522
2585;1.0;0.5833333333333333
2586;1.0;0.4736842105263158
2587;1.0;0.15384615384615385
2588;1.0;0.15384615384615385
2589;1.0;0.33333333333333337
2590;1.0;0.33333333333333337
2591;1.0;0.25
2592;1.0;0.25
2593;1.0;0.3571428571428571
2594;1.0;0.18181818181818177
2595;1.0;0.33333333333333337
2596;1.0;0.26315789473684215
2597;1.0;0.1428571428571429
2598;1.0;0.1428571428571429
2599;1.0;0.25
2600;1.0;0.75
2601;0.75;0.3529411764705882
2602;0.8333333333333334;0.47619047619047616
2603;1.0;0.6666666666666667
2604;1.0;0.6666666666666667
2605;1.0;0.2222222222222222
2606;1.0;0.2222222222222222
2607;1.0;0.19999999999999996
2608;1.0;0.19999999999999996
2609;1.0;0.19999999999999996
2610;1.0;0.19999999999999996
2611;1.0;0.5714285714285714
2612;1.0;0.5714285714285714
2613;1.0;0.18181818181818177
2614;1.0;0.18181818181818177
2615;1.0;0.16666666666666663
2616;1.0;0.16666666666666663
2617;1.0;0.2222222222222222
2618;1.0;0.3571428571428571
2619;1.0;0.6086956521739131
2620;1.0;0.4375
2621;1.0;0.3076923076923077
2622;1.0;0.16666666666666663
2623;1.0;0.23076923076923073
2624;1.0;0.18181818181818177
2625;1.0;0.25
2626;1.0;0.16666666666666663
2627;1.0;0.23076923076923073
2628;1.0;0.625
2629;1.0;0.5714285714285714
2630;1.0;0.19999999999999996
2631;1.0;0.2727272727272727
2632;1.0;0.5555555555555556
2633;1.0;0.6
2634;1.0;0.5789473684210527
2635;1.0;0.5294117647058824
2636;1.0;0.5882352941176471
2637;1.0;0.5
2638;1.0;0.41666666666666663
2639;1.0;0.46153846153846156
2640;1.0;0.25
2641;1.0;0.25
2642;1.0;0.18181818181818177
2643;1.0;0.18181818181818177
2644;1.0;0.18181818181818177
2645;1.0;0.18181818181818177
2646;1.0;0.18181818181818177
2647;1.0;0.18181818181818177
2648;1.0;0.11764705882352944
2649;1.0;0.11764705882352944
2650;1.0;0.18181818181818177
2651;1.0;0.18181818181818177
2652;1.0;0.21739130434782605
2653;1.0;0.21739130434782605
2654;1.0;0.2222222222222222
2655;1.0;0.2222222222222222
2656;1.0;0.15000000000000002
2657;1.0;0.26086956521739135
2658;1.0;0.1428571428571429
2659;1.0;0.11764705882352944
2660;1.0;0.11764705882352944
2661;1.0;0.25
2662;1.0;0.25
2663;1.0;0.3571428571428571
2664;1.0;0.3571428571428571
2665;1.0;0.2857142857142857
2666;1.0;0.2857142857142857
2667;1.0;0.18181818181818177
2668;1.0;0.4
2669;1.0;0.2666666666666667
2670;1.0;0.2666666666666667
2671;1.0;0.36363636363636365
2672;1.0;0.5
2673;1.0;0.33333333333333337
2674;1.0;0.375
2675;1.0;0.375
2676;1.0;0.5833333333333333
2677;1.0;0.5454545454545454
2678;1.0;0.7222222222222222
2679;1.0;0.30000000000000004
2680;1.0;0.6818181818181819
2681;1.0;0.5384615384615384
2682;1.0;0.75
2683;1.0;0.2857142857142857
2684;0.9444444444444444;0.6071428571428572
2685;1.0;0.2857142857142857
2686;1.0;0.2857142857142857
2687;1.0;0.23076923076923073
2688;0.9230769230769231;0.6666666666666667
2689;1.0;0.25
2690;0.8125;0.52
2691;1.0;0.2857142857142857
2692;0.75;0.5
2693;1.0;0.16666666666666663
2694;1.0;0.16666666666666663
2695;1.0;0.18181818181818177
2696;1.0;0.1428571428571429
2697;1.0;0.1428571428571429
2698;1.0;0.4545454545454546
2699;1.0;0.4545454545454546
2700;1.0;0.25
2701;1.0;0.25
2702;1.0;0.4375
2703;1.0;0.4375
2704;1.0;0.33333333333333337
2705;1.0;0.33333333333333337
2706;1.0;0.6111111111111112
2707;1.0;0.30000000000000004
2708;1.0;0.1428571428571429
2709;1.0;0.1428571428571429
2710;0.33333333333333337;0.1785714285714286
2711;0.9310344827586207;0.675
2712;0.5555555555555556;0.2941176470588235
2713;1.0;0.3076923076923077
2714;1.0;0.19999999999999996
2715;0.4736842105263158;0.23076923076923073
2716;1.0;0.19999999999999996
2717;0.5833333333333333;0.33333333333333337
2718;1.0;0.16666666666666663
2719;1.0;0.23076923076923073
2720;1.0;0.19999999999999996
2721;1.0;0.2727272727272727
2722;1.0;0.16666666666666663
2723;1.0;0.23076923076923073
2724;1.0;0.2222222222222222
2725;0.625;0.33333333333333337
2726;1.0;0.3846153846153846
2727;1.0;0.33333333333333337
2728;1.0;0.5555555555555556
2729;0.875;0.4375
2730;0.9285714285714286;0.52
2731;1.0;0.19999999999999996
2732;1.0;0.33333333333333337
2733;1.0;0.631578947368421
2734;1.0;0.7586206896551724
2735;1.0;0.19999999999999996
2736;1.0;0.19999999999999996
2737;1.0;0.0714285714285714
2738;1.0;0.07894736842105265
2739;0.33333333333333337;0.1842105263157895
2740;1.0;0.18181818181818177
2741;1.0;0.25
2742;1.0;0.125
2743;1.0;0.1333333333333333
2744;1.0;0.19999999999999996
2745;1.0;0.5833333333333333
2746;1.0;0.2857142857142857
2747;0.9047619047619048;0.6785714285714286
2748;1.0;0.2222222222222222
2749;0.9230769230769231;0.6486486486486487
2750;1.0;0.15384615384615385
2751;1.0;0.7
2752;1.0;0.7
2753;1.0;0.4444444444444444
2754;1.0;0.5454545454545454
2755;1.0;0.33333333333333337
2756;0.6666666666666667;0.3529411764705882
2757;0.8888888888888888;0.6153846153846154
2758;0.8947368421052632;0.6296296296296297
2759;1.0;0.5714285714285714
2760;1.0;0.5714285714285714
2761;0.8823529411764706;0.7692307692307692
2762;0.8823529411764706;0.7692307692307692
2763;1.0;0.5555555555555556
2764;1.0;0.2222222222222222
2765;0.8148148148148149;0.5945945945945945
2766;0.33333333333333337;0.16666666666666663
2767;0.33333333333333337;0.1724137931034483
2768;1.0;0.07407407407407407
2769;0.16666666666666663;0.08333333333333337
2770;0.1724137931034483;0.08771929824561409
2771;1.0;0.19999999999999996
2772;1.0;0.19999999999999996
2773;1.0;0.16666666666666663
2774;1.0;0.16666666666666663
2775;1.0;0.16666666666666663
2776;1.0;0.16666666666666663
2777;1.0;0.2727272727272727
2778;1.0;0.3846153846153846
2779;1.0;0.33333333333333337
2780;1.0;0.33333333333333337
2781;1.0;0.18181818181818177
2782;1.0;0.18181818181818177
2783;1.0;0.3913043478260869
2784;1.0;0.3913043478260869
2785;1.0;0.19999999999999996
2786;1.0;0.4782608695652174
2787;0.8888888888888888;0.5
2788;0.6;0.2857142857142857
2789;0.8333333333333334;0.47619047619047616
2790;0.7692307692307692;0.4347826086956522
2791;0.875;0.5833333333333333
2792;0.8571428571428572;0.375
2793;0.7272727272727273;0.31999999999999995
2794;0.6153846153846154;0.36363636363636365
2795;1.0;0.6666666666666667
2796;1.0;0.2142857142857143
2797;1.0;0.25
2798;1.0;0.12
2799;1.0;0.13636363636363635
2800;0.368421052631579;0.1842105263157895
2801;1.0;0.09999999999999998
2802;1.0;0.19999999999999996
2803;1.0;0.2727272727272727
2804;1.0;0.25
2805;0.7142857142857143;0.41666666666666663
2806;0.6666666666666667;0.375
2807;1.0;0.23076923076923073
2808;1.0;0.19999999999999996
2809;1.0;0.5238095238095238
2810;1.0;0.1428571428571429
2811;1.0;0.1333333333333333
2812;1.0;0.18181818181818177
2813;1.0;0.3125
2814;1.0;0.30000000000000004
2815;1.0;0.18181818181818177
2816;1.0;0.18181818181818177
2817;1.0;0.1333333333333333
2818;1.0;0.30434782608695654
2819;1.0;0.16666666666666663
2820;0.5833333333333333;0.31818181818181823
2821;0.6666666666666667;0.4
2822;1.0;0.09999999999999998
2823;1.0;0.36363636363636365
2824;0.7692307692307692;0.3846153846153846
2825;0.5555555555555556;0.3448275862068966
2826;1.0;0.06896551724137934
2827;1.0;0.10344827586206895
2828;1.0;0.052631578947368474
2829;1.0;0.33333333333333337
2830;1.0;0.33333333333333337
2831;1.0;0.33333333333333337
2832;1.0;0.33333333333333337
2833;1.0;0.25
2834;1.0;0.25
2835;1.0;0.30000000000000004
2836;1.0;0.2222222222222222
2837;1.0;0.5
2838;1.0;0.4444444444444444
2839;1.0;0.2142857142857143
2840;1.0;0.2142857142857143
2841;1.0;0.375
2842;1.0;0.2857142857142857
2843;1.0;0.30000000000000004
2844;1.0;0.2222222222222222
2845;1.0;0.6111111111111112
2846;1.0;0.631578947368421
2847;1.0;0.1428571428571429
2848;1.0;0.18181818181818177
2849;1.0;0.19999999999999996
2850;1.0;0.16666666666666663
2851;1.0;0.125
2852;1.0;0.15384615384615385
2853;1.0;0.1428571428571429
2854;0.7;0.2592592592592593
2855;1.0;0.15384615384615385
2856;1.0;0.19999999999999996
2857;1.0;0.2727272727272727
2858;1.0;0.25
2859;1.0;0.33333333333333337
2860;1.0;0.2727272727272727
2861;1.0;0.2727272727272727
2862;1.0;0.3076923076923077
2863;1.0;0.3571428571428571
2864;1.0;0.4285714285714286
2865;1.0;0.7142857142857143
2866;1.0;0.15384615384615385
2867;1.0;0.33333333333333337
2868;1.0;0.5
2869;1.0;0.18181818181818177
2870;1.0;0.25
2871;1.0;0.19999999999999996
2872;1.0;0.16666666666666663
2873;1.0;0.3076923076923077
2874;1.0;0.19999999999999996
2875;1.0;0.16666666666666663
2876;1.0;0.18181818181818177
2877;1.0;0.15384615384615385
2878;0.6666666666666667;0.3529411764705882
2879;1.0;0.2727272727272727
2880;1.0;0.2222222222222222
2881;1.0;0.09999999999999998
2882;0.5909090909090908;0.38235294117647056
2883;1.0;0.16666666666666663
2884;1.0;0.125
2885;1.0;0.25
2886;1.0;0.125
2887;1.0;0.17647058823529416
2888;1.0;0.18181818181818177
2889;1.0;0.25
2890;1.0;0.18181818181818177
2891;1.0;0.25
2892;1.0;0.18181818181818177
2893;1.0;0.4
2894;1.0;0.18181818181818177
2895;1.0;0.3076923076923077
2896;1.0;0.15384615384615385
2897;1.0;0.2142857142857143
2898;1.0;0.7222222222222222
2899;1.0;0.41666666666666663
2900;1.0;0.36363636363636365
2901;1.0;0.2222222222222222
2902;1.0;0.30000000000000004
2903;0.4666666666666667;0.25
2904;1.0;0.1333333333333333
2905;0.875;0.5
2906;1.0;0.25
2907;0.6363636363636364;0.35
2908;1.0;0.18181818181818177
2909;0.8333333333333334;0.5
2910;1.0;0.4285714285714286
2911;0.8888888888888888;0.5333333333333333
2912;1.0;0.33333333333333337
2913;0.9166666666666666;0.7857142857142857
2914;1.0;0.8285714285714285
2915;1.0;0.5833333333333333
2916;1.0;0.2857142857142857
2917;1.0;0.46153846153846156
2918;1.0;0.2222222222222222
2919;0.9285714285714286;0.65
2920;1.0;0.6
2921;1.0;0.16666666666666663
2922;1.0;0.15384615384615385
2923;1.0;0.2857142857142857
2924;1.0;0.5454545454545454
2925;1.0;0.33333333333333337
2926;1.0;0.09523809523809523
2927;1.0;0.2222222222222222
2928;1.0;0.1428571428571429
2929;1.0;0.5
2930;1.0;0.5
2931;1.0;0.2857142857142857
2932;1.0;0.25
2933;1.0;0.15384615384615385
2934;1.0;0.1333333333333333
2935;0.8461538461538461;0.4782608695652174
2936;0.6666666666666667;0.36363636363636365
2937;0.5625;0.31034482758620685
2938;0.5625;0.31034482758620685
2939;0.5384615384615384;0.30434782608695654
2940;0.5384615384615384;0.30434782608695654
2941;0.8571428571428572;0.4
2942;0.8571428571428572;0.4
2943;0.8571428571428572;0.4285714285714286
2944;0.8571428571428572;0.4285714285714286
2945;0.6923076923076923;0.375
2946;0.5833333333333333;0.30434782608695654
2947;0.5454545454545454;0.3157894736842105
2948;0.5454545454545454;0.3157894736842105
2949;1.0;0.18181818181818177
2950;0.6363636363636364;0.35
2951;0.3076923076923077;0.16000000000000003
2952;0.3846153846153846;0.19999999999999996
2953;1.0;0.2222222222222222
2954;1.0;0.25
2955;1.0;0.15384615384615385
2956;1.0;0.3076923076923077
2957;1.0;0.2222222222222222
2958;1.0;0.33333333333333337
2959;1.0;0.2666666666666667
2960;1.0;0.2857142857142857
2961;1.0;0.2142857142857143
2962;1.0;0.1875
2963;1.0;0.19999999999999996
2964;0.5555555555555556;0.2941176470588235
2965;0.6363636363636364;0.29166666666666663
2966;1.0;0.1333333333333333
2967;1.0;0.1071428571428571
2968;0.8333333333333334;0.41666666666666663
2969;1.0;0.25
2970;0.5;0.26315789473684215
2971;1.0;0.18181818181818177
2972;0.5;0.25
2973;1.0;0.16666666666666663
2974;0.9411764705882353;0.5517241379310345
2975;1.0;0.1428571428571429
2976;0.625;0.33333333333333337
2977;1.0;0.2222222222222222
2978;0.8;0.42105263157894735
2979;1.0;0.18181818181818177
2980;0.7;0.4117647058823529
2981;1.0;0.2222222222222222
2982;0.8571428571428572;0.4
2983;1.0;0.19999999999999996
2984;0.9;0.5625
2985;1.0;0.25
2986;1.0;0.1333333333333333
2987;1.0;0.25
2988;1.0;0.18181818181818177
2989;1.0;0.46153846153846156
2990;1.0;0.19999999999999996
2991;1.0;0.7391304347826086
2992;1.0;0.2222222222222222
2993;1.0;0.16666666666666663
2994;1.0;0.19999999999999996
2995;1.0;0.0714285714285714
2996;1.0;0.2666666666666667
2997;1.0;0.16666666666666663
2998;1.0;0.23529411764705888
2999;1.0;0.09523809523809523
3000;1.0;0.13636363636363635
3001;0.4117647058823529;0.19999999999999996
3002;1.0;0.04761904761904767
3003;1.0;0.06666666666666665
3004;1.0;0.10526315789473684
3005;0.7777777777777778;0.4666666666666667
3006;0.7777777777777778;0.4666666666666667
3007;0.7777777777777778;0.4375
3008;0.7777777777777778;0.4375
3009;0.7;0.38888888888888884
3010;0.7;0.38888888888888884
3011;0.7333333333333334;0.4782608695652174
3012;1.0;0.6363636363636364
3013;0.7777777777777778;0.38888888888888884
3014;0.7777777777777778;0.38888888888888884
3015;0.8888888888888888;0.47058823529411764
3016;1.0;0.5294117647058824
3017;1.0;0.5238095238095238
3018;0.875;0.38888888888888884
3019;1.0;0.5483870967741935
3020;0.75;0.2727272727272727
3021;0.8636363636363636;0.6333333333333333
3022;1.0;0.6363636363636364
3023;1.0;0.2857142857142857
3024;1.0;0.1333333333333333
3025;0.26315789473684215;0.13888888888888884
3026;0.3846153846153846;0.20833333333333337
3027;1.0;0.125
3028;1.0;0.1333333333333333
3029;1.0;0.09999999999999998
3030;0.9230769230769231;0.7272727272727273
3031;1.0;0.6153846153846154
3032;1.0;0.19999999999999996
3033;1.0;0.16666666666666663
3034;1.0;0.17647058823529416
3035;1.0;0.125
3036;1.0;0.1428571428571429
3037;1.0;0.125
3038;1.0;0.07894736842105265
3039;1.0;0.30000000000000004
3040;1.0;0.2222222222222222
3041;1.0;0.2142857142857143
3042;1.0;0.15384615384615385
3043;1.0;0.2727272727272727
3044;1.0;0.19999999999999996
3045;1.0;0.33333333333333337
3046;1.0;0.23076923076923073
3047;1.0;0.25
3048;1.0;0.18181818181818177
3049;1.0;0.30000000000000004
3050;1.0;0.30000000000000004
3051;1.0;0.4285714285714286
3052;1.0;0.3846153846153846
3053;1.0;0.3571428571428571
3054;1.0;0.25
3055;1.0;0.1333333333333333
3056;0.4375;0.24137931034482762
3057;1.0;0.11764705882352944
3058;0.5833333333333333;0.2592592592592593
3059;1.0;0.1428571428571429
3060;0.75;0.375
3061;1.0;0.55
3062;1.0;0.55
3063;0.8181818181818181;0.4285714285714286
3064;0.8181818181818181;0.4285714285714286
3065;1.0;0.2666666666666667
3066;0.875;0.368421052631579
3067;0.8571428571428572;0.5714285714285714
3068;0.8571428571428572;0.5714285714285714
3069;1.0;0.23076923076923073
3070;0.8888888888888888;0.42105263157894735
3071;1.0;0.6153846153846154
3072;0.6470588235294117;0.40740740740740744
3073;0.85;0.5862068965517242
3074;0.9782608695652174;0.8823529411764706
3075;1.0;0.1428571428571429
3076;1.0;0.11111111111111116
3077;0.8666666666666667;0.4814814814814815
3078;1.0;0.08108108108108103
3079;1.0;0.09523809523809523
3080;1.0;0.06896551724137934
3081;1.0;0.19999999999999996
3082;0.6666666666666667;0.4
3083;1.0;0.1428571428571429
3084;1.0;0.4285714285714286
3085;1.0;0.18181818181818177
3086;0.6363636363636364;0.35
3087;1.0;0.631578947368421
3088;0.8333333333333334;0.5263157894736843
3089;0.8;0.4
3090;0.7142857142857143;0.41666666666666663
3091;0.9230769230769231;0.5
3092;0.6818181818181819;0.4545454545454546
3093;1.0;0.1071428571428571
3094;0.3571428571428571;0.18867924528301883
3095;1.0;0.19999999999999996
3096;0.6875;0.375
3097;1.0;0.1428571428571429
3098;0.5833333333333333;0.29166666666666663
3099;1.0;0.23076923076923073
3100;1.0;0.16666666666666663
3101;1.0;0.23076923076923073
3102;1.0;0.05405405405405406
3103;1.0;0.09523809523809523
3104;1.0;0.16666666666666663
3105;1.0;0.23076923076923073
3106;1.0;0.16666666666666663
3107;1.0;0.23076923076923073
3108;1.0;0.4375
3109;1.0;0.3571428571428571
3110;1.0;0.4
3111;1.0;0.33333333333333337
3112;1.0;0.16666666666666663
3113;1.0;0.23076923076923073
3114;1.0;0.4
3115;1.0;0.4375
3116;1.0;0.4285714285714286
3117;1.0;0.15384615384615385
3118;1.0;0.47619047619047616
3119;1.0;0.3076923076923077
3120;1.0;0.2222222222222222
3121;1.0;0.125
3122;1.0;0.08333333333333337
3123;1.0;0.1333333333333333
3124;1.0;0.07692307692307687
3125;0.8571428571428572;0.5
3126;1.0;0.16666666666666663
3127;0.8285714285714285;0.6041666666666667
3128;1.0;0.1333333333333333
3129;0.8333333333333334;0.5
3130;1.0;0.19999999999999996
3131;0.7857142857142857;0.4782608695652174
3132;0.8;0.42105263157894735
3133;1.0;0.6538461538461539
3134;0.8;0.42105263157894735
3135;0.8181818181818181;0.6666666666666667
3136;0.8571428571428572;0.5
3137;1.0;0.6923076923076923
3138;1.0;0.6521739130434783
3139;0.9523809523809523;0.625
3140;1.0;0.15384615384615385
3141;1.0;0.7
3142;0.9230769230769231;0.48
3143;1.0;0.11111111111111116
3144;1.0;0.4285714285714286
3145;1.0;0.18181818181818177
3146;1.0;0.33333333333333337
3147;0.6666666666666667;0.050000000000000044
3148;1.0;0.06896551724137934
3149;0.28;0.16000000000000003
3150;1.0;0.6666666666666667
3151;0.7777777777777778;0.4666666666666667
3152;1.0;0.25
3153;0.5384615384615384;0.29166666666666663
3154;1.0;0.15384615384615385
3155;0.36363636363636365;0.19047619047619047
3156;1.0;0.16666666666666663
3157;0.9166666666666666;0.6111111111111112
3158;1.0;0.25
3159;0.8888888888888888;0.5333333333333333
3160;1.0;0.4545454545454546
3161;0.8571428571428572;0.4
3162;1.0;0.19999999999999996
3163;1.0;0.4666666666666667
3164;1.0;0.19999999999999996
3165;0.4117647058823529;0.23333333333333328
3166;1.0;0.1333333333333333
3167;1.0;0.2727272727272727
3168;1.0;0.19999999999999996
3169;1.0;0.1875
3170;1.0;0.1333333333333333
3171;1.0;0.2142857142857143
3172;0.8;0.38095238095238093
3173;1.0;0.23076923076923073
3174;1.0;0.16666666666666663
3175;1.0;0.3157894736842105
3176;0.85;0.5151515151515151
3177;1.0;0.25
3178;1.0;0.3076923076923077
3179;0.9189189189189189;0.7234042553191489
3180;0.9375;0.5769230769230769
3181;1.0;0.6666666666666667
3182;1.0;0.25
3183;1.0;0.19999999999999996
3184;1.0;0.19999999999999996
3185;1.0;0.19999999999999996
3186;1.0;0.19999999999999996
3187;1.0;0.5263157894736843
3188;0.9090909090909091;0.5
3189;0.8888888888888888;0.5714285714285714
3190;0.8888888888888888;0.5714285714285714
3191;0.875;0.5833333333333333
3192;0.7272727272727273;0.5333333333333333
3193;1.0;0.46153846153846156
3194;1.0;0.5333333333333333
3195;0.9;0.5625
3196;0.9090909090909091;0.5882352941176471
3197;1.0;0.6153846153846154
3198;1.0;0.8148148148148149
3199;1.0;0.11764705882352944
3200;1.0;0.11764705882352944
3201;1.0;0.15384615384615385
3202;1.0;0.15384615384615385
3203;1.0;0.15384615384615385
3204;1.0;0.15384615384615385
3205;1.0;0.25
3206;1.0;0.3076923076923077
3207;1.0;0.30000000000000004
3208;1.0;0.5625
3209;1.0;0.25
3210;1.0;0.25
3211;1.0;0.5238095238095238
3212;1.0;0.375
3213;0.875;0.33333333333333337
3214;1.0;0.3157894736842105
3215;1.0;0.5882352941176471
3216;1.0;0.25
3217;1.0;0.25
3218;1.0;0.2222222222222222
3219;1.0;0.2222222222222222
3220;1.0;0.18181818181818177
3221;1.0;0.19999999999999996
3222;1.0;0.33333333333333337
3223;1.0;0.1875
3224;1.0;0.1875
3225;0.6666666666666667;0.23076923076923073
3226;0.6666666666666667;0.23076923076923073
3227;1.0;0.25
3228;1.0;0.18181818181818177
3229;1.0;0.1428571428571429
3230;1.0;0.1428571428571429
3231;1.0;0.19999999999999996
3232;1.0;0.19999999999999996
3233;1.0;0.7058823529411764
3234;1.0;0.5333333333333333
3235;1.0;0.1875
3236;1.0;0.1428571428571429
3237;1.0;0.125
3238;0.3846153846153846;0.19999999999999996
3239;1.0;0.0444444444444444
3240;1.0;0.2222222222222222
3241;1.0;0.1875
3242;1.0;0.1333333333333333
3243;1.0;0.25
3244;1.0;0.18181818181818177
3245;1.0;0.15000000000000002
3246;1.0;0.10526315789473684
3247;1.0;0.2727272727272727
3248;0.4444444444444444;0.23529411764705888
3249;1.0;0.33333333333333337
3250;0.7;0.38888888888888884
3251;0.7083333333333333;0.48571428571428577
3252;1.0;0.6190476190476191
3253;0.9;0.6428571428571428
3254;1.0;0.42307692307692313
3255;1.0;0.5
3256;1.0;0.43999999999999995
3257;1.0;0.43999999999999995
3258;1.0;0.6111111111111112
3259;1.0;0.4444444444444444
3260;0.9666666666666667;0.7837837837837838
3261;0.5454545454545454;0.26086956521739135
3262;0.8461538461538461;0.6388888888888888
3263;0.9444444444444444;0.5483870967741935
3264;1.0;0.6363636363636364
3265;0.8181818181818181;0.5625
3266;1.0;0.23076923076923073
3267;1.0;0.16666666666666663
3268;1.0;0.23076923076923073
3269;1.0;0.18181818181818177
3270;1.0;0.25
3271;1.0;0.6
3272;1.0;0.33333333333333337
3273;1.0;0.2857142857142857
3274;0.75;0.40909090909090906
3275;1.0;0.25
3276;1.0;0.33333333333333337
3277;1.0;0.6190476190476191
3278;1.0;0.2727272727272727
3279;1.0;0.6428571428571428
3280;0.9090909090909091;0.47619047619047616
3281;1.0;0.33333333333333337
3282;0.6666666666666667;0.4
3283;0.75;0.4285714285714286
3284;0.9166666666666666;0.5238095238095238
3285;0.6666666666666667;0.375
3286;1.0;0.4666666666666667
3287;0.6666666666666667;0.4
3288;0.7142857142857143;0.4
3289;0.5333333333333333;0.25
3290;1.0;0.7058823529411764
3291;1.0;0.19999999999999996
3292;1.0;0.125
3293;1.0;0.1578947368421053
3294;1.0;0.08333333333333337
3295;1.0;0.11111111111111116
3296;1.0;0.07692307692307687
3297;1.0;0.2222222222222222
3298;1.0;0.2222222222222222
3299;1.0;0.18181818181818177
3300;1.0;0.25
3301;1.0;0.19999999999999996
3302;1.0;0.2727272727272727
3303;1.0;0.2727272727272727
3304;1.0;0.33333333333333337
3305;1.0;0.2222222222222222
3306;1.0;0.36363636363636365
3307;1.0;0.375
3308;1.0;0.4444444444444444
3309;1.0;0.15384615384615385
3310;1.0;0.47619047619047616
3311;1.0;0.1428571428571429
3312;1.0;0.25
3313;1.0;0.2222222222222222
3314;1.0;0.6875
3315;0.6666666666666667;0.4
3316;0.8333333333333334;0.3125
3317;1.0;0.1333333333333333
3318;1.0;0.23076923076923073
3319;1.0;0.2142857142857143
3320;1.0;0.16666666666666663
3321;0.2692307692307693;0.1428571428571429
3322;1.0;0.13636363636363635
3323;1.0;0.13043478260869568
3324;1.0;0.2222222222222222
3325;1.0;0.30000000000000004
3326;1.0;0.10526315789473684
3327;1.0;0.15000000000000002
3328;1.0;0.1428571428571429
3329;1.0;0.19999999999999996
3330;0.75;0.3076923076923077
3331;1.0;0.18181818181818177
3332;1.0;0.3076923076923077
3333;1.0;0.16666666666666663
3334;1.0;0.23076923076923073
3335;1.0;0.16666666666666663
3336;0.75;0.2142857142857143
3337;1.0;0.09999999999999998
3338;1.0;0.1428571428571429
3339;1.0;0.15384615384615385
3340;1.0;0.2142857142857143
3341;1.0;0.19999999999999996
3342;1.0;0.19999999999999996
3343;1.0;0.25
3344;1.0;0.25
3345;1.0;0.18181818181818177
3346;1.0;0.18181818181818177
3347;1.0;0.19999999999999996
3348;1.0;0.19999999999999996
3349;1.0;0.375
3350;1.0;0.7222222222222222
3351;1.0;0.4545454545454546
3352;1.0;0.25
3353;1.0;0.47058823529411764
3354;1.0;0.5
3355;1.0;0.2142857142857143
3356;1.0;0.33333333333333337
3357;1.0;0.33333333333333337
